{
  "scenario": "llm",
  "calibration_phase": "pre",
  "n_runs": 3,
  "n_rows": 35250,
  "tick_ms": 100,
  "crash_window_ticks": 10,
  "crash_threshold_pct": 1.93,
  "min_price_fraction": 0.85,
  "flash_crash_rate": 0.0,
  "run_max_drawdown_pct": {
    "mean": 0.21259610299266793,
    "p50": 0.15598893652815649,
    "p90": 0.3500903928311839,
    "p95": 0.37435307486906233,
    "p99": 0.3937632204993651,
    "max": 0.3986157569069408
  },
  "mean_ofi_pre": 0.1407785871175465,
  "mean_ofi_drop": -4.885602491583465,
  "mean_wealth_by_phase": {
    "drop": 309840.60977786034,
    "post": 293814.60384430113,
    "pre": 175441.52061652078,
    "recovery": 344780.15258629323
  },
  "pct_insolvent_peak": 0.02,
  "wealth_concentration_drop": 0.860359198974129,
  "columns": [
    "run_id",
    "event_id",
    "tick_ms",
    "phase",
    "close",
    "mid_price",
    "ofi",
    "spread_bps",
    "depth_imbalance",
    "trade_intensity",
    "realized_vol_50",
    "leverage_proxy",
    "kyle_lambda",
    "vpin",
    "flash_crash_flag",
    "mean_wealth_t",
    "pct_insolvent",
    "wealth_concentration"
  ]
}