{
  "scenario": "llm",
  "calibration_phase": "pre",
  "n_runs": 3,
  "n_rows": 32650,
  "tick_ms": 100,
  "crash_window_ticks": 10,
  "crash_threshold_pct": 1.93,
  "min_price_fraction": 0.85,
  "flash_crash_rate": 0.0,
  "run_max_drawdown_pct": {
    "mean": 0.1449233923982663,
    "p50": 0.13989561004226245,
    "p90": 0.17782011608490833,
    "p95": 0.18256067934023906,
    "p99": 0.18635312994450365,
    "max": 0.1873012425955698
  },
  "mean_ofi_pre": 0.030006577656137394,
  "mean_ofi_drop": -4.809270200161158,
  "mean_wealth_by_phase": {
    "drop": 326806.66513989086,
    "post": 338151.5358303917,
    "pre": 175069.87516760765,
    "recovery": 401003.86452568526
  },
  "pct_insolvent_peak": 0.0,
  "wealth_concentration_drop": 0.8669009596807267,
  "columns": [
    "run_id",
    "event_id",
    "tick_ms",
    "phase",
    "close",
    "mid_price",
    "ofi",
    "spread_bps",
    "depth_imbalance",
    "trade_intensity",
    "realized_vol_50",
    "leverage_proxy",
    "kyle_lambda",
    "vpin",
    "flash_crash_flag",
    "mean_wealth_t",
    "pct_insolvent",
    "wealth_concentration"
  ]
}