{
  "scenario": "llm",
  "calibration_phase": "pre",
  "n_runs": 3,
  "n_rows": 35250,
  "tick_ms": 100,
  "crash_window_ticks": 10,
  "crash_threshold_pct": 1.93,
  "min_price_fraction": 0.85,
  "flash_crash_rate": 0.0,
  "run_max_drawdown_pct": {
    "mean": 0.8753219221648791,
    "p50": 1.0733449789765792,
    "p90": 1.2045920750069457,
    "p95": 1.2209979620107416,
    "p99": 1.2341226716137783,
    "max": 1.2374038490145374
  },
  "mean_ofi_pre": 0.26329641923180275,
  "mean_ofi_drop": -3.280333185317937,
  "mean_wealth_by_phase": {
    "drop": 193782.9867510065,
    "post": 196576.39942854253,
    "pre": 176013.39973659866,
    "recovery": 196718.2206576825
  },
  "pct_insolvent_peak": 0.05,
  "wealth_concentration_drop": 1.043860613232695,
  "columns": [
    "run_id",
    "event_id",
    "tick_ms",
    "phase",
    "close",
    "mid_price",
    "ofi",
    "spread_bps",
    "depth_imbalance",
    "trade_intensity",
    "realized_vol_50",
    "leverage_proxy",
    "kyle_lambda",
    "vpin",
    "flash_crash_flag",
    "mean_wealth_t",
    "pct_insolvent",
    "wealth_concentration"
  ]
}