{
  "scenario": "llm",
  "calibration_phase": "pre",
  "n_runs": 3,
  "n_rows": 33050,
  "tick_ms": 100,
  "crash_window_ticks": 10,
  "crash_threshold_pct": 1.93,
  "min_price_fraction": 0.85,
  "flash_crash_rate": 0.0,
  "run_max_drawdown_pct": {
    "mean": 0.6977141720372484,
    "p50": 0.3994925763217523,
    "p90": 1.1220340782678018,
    "p95": 1.2123517660110577,
    "p99": 1.2846059162056627,
    "max": 1.302669453754314
  },
  "mean_ofi_pre": 0.1360396539021454,
  "mean_ofi_drop": -3.133963615788722,
  "mean_wealth_by_phase": {
    "drop": 207438.12960835296,
    "post": 211431.29354760115,
    "pre": 175449.2412250129,
    "recovery": 205344.36199806508
  },
  "pct_insolvent_peak": 0.07,
  "wealth_concentration_drop": 1.0332930353065712,
  "columns": [
    "run_id",
    "event_id",
    "tick_ms",
    "phase",
    "close",
    "mid_price",
    "ofi",
    "spread_bps",
    "depth_imbalance",
    "trade_intensity",
    "realized_vol_50",
    "leverage_proxy",
    "kyle_lambda",
    "vpin",
    "flash_crash_flag",
    "mean_wealth_t",
    "pct_insolvent",
    "wealth_concentration"
  ]
}