{
  "scenario": "llm",
  "calibration_phase": "pre",
  "n_runs": 3,
  "n_rows": 35250,
  "tick_ms": 100,
  "crash_window_ticks": 10,
  "crash_threshold_pct": 1.93,
  "min_price_fraction": 0.85,
  "flash_crash_rate": 0.0,
  "run_max_drawdown_pct": {
    "mean": 0.9499234387669205,
    "p50": 1.2826601367073869,
    "p90": 1.4128240856509986,
    "p95": 1.4290945792689502,
    "p99": 1.4421109741633114,
    "max": 1.4453650728869016
  },
  "mean_ofi_pre": 0.4048656554032515,
  "mean_ofi_drop": -4.9042250104036,
  "mean_wealth_by_phase": {
    "drop": 239179.97824356417,
    "post": 264482.89293612394,
    "pre": 177269.36978157156,
    "recovery": 265323.0824278269
  },
  "pct_insolvent_peak": 0.02,
  "wealth_concentration_drop": 0.9381496597345022,
  "columns": [
    "run_id",
    "event_id",
    "tick_ms",
    "phase",
    "close",
    "mid_price",
    "ofi",
    "spread_bps",
    "depth_imbalance",
    "trade_intensity",
    "realized_vol_50",
    "leverage_proxy",
    "kyle_lambda",
    "vpin",
    "flash_crash_flag",
    "mean_wealth_t",
    "pct_insolvent",
    "wealth_concentration"
  ]
}