{
  "scenario": "llm",
  "calibration_phase": "pre",
  "n_runs": 3,
  "n_rows": 35250,
  "tick_ms": 100,
  "crash_window_ticks": 10,
  "crash_threshold_pct": 1.93,
  "min_price_fraction": 0.85,
  "flash_crash_rate": 0.0,
  "run_max_drawdown_pct": {
    "mean": 0.2945110203871726,
    "p50": 0.2627738549641379,
    "p90": 0.39577213877123374,
    "p95": 0.4123969242471207,
    "p99": 0.4256967526278303,
    "max": 0.4290217097230077
  },
  "mean_ofi_pre": 0.07362424793283483,
  "mean_ofi_drop": -4.69037896296223,
  "mean_wealth_by_phase": {
    "drop": 255917.32558354246,
    "post": 271784.1922554356,
    "pre": 175139.57330036463,
    "recovery": 272155.9077773305
  },
  "pct_insolvent_peak": 0.0,
  "wealth_concentration_drop": 0.8770316614312125,
  "columns": [
    "run_id",
    "event_id",
    "tick_ms",
    "phase",
    "close",
    "mid_price",
    "ofi",
    "spread_bps",
    "depth_imbalance",
    "trade_intensity",
    "realized_vol_50",
    "leverage_proxy",
    "kyle_lambda",
    "vpin",
    "flash_crash_flag",
    "mean_wealth_t",
    "pct_insolvent",
    "wealth_concentration"
  ]
}