{
  "scenario": "llm",
  "calibration_phase": "pre",
  "n_runs": 3,
  "n_rows": 35250,
  "tick_ms": 100,
  "crash_window_ticks": 10,
  "crash_threshold_pct": 1.93,
  "min_price_fraction": 0.85,
  "flash_crash_rate": 0.0,
  "run_max_drawdown_pct": {
    "mean": 0.16281714573045813,
    "p50": 0.13988130364763582,
    "p90": 0.22375254800031646,
    "p95": 0.2342364535444015,
    "p99": 0.24262357797966957,
    "max": 0.2447203590884866
  },
  "mean_ofi_pre": 0.08173622399456643,
  "mean_ofi_drop": -4.810473204401908,
  "mean_wealth_by_phase": {
    "drop": 314783.8598903142,
    "post": 356375.05650337524,
    "pre": 175156.32108451842,
    "recovery": 361990.0665875117
  },
  "pct_insolvent_peak": 0.0,
  "wealth_concentration_drop": 0.8479603868388806,
  "columns": [
    "run_id",
    "event_id",
    "tick_ms",
    "phase",
    "close",
    "mid_price",
    "ofi",
    "spread_bps",
    "depth_imbalance",
    "trade_intensity",
    "realized_vol_50",
    "leverage_proxy",
    "kyle_lambda",
    "vpin",
    "flash_crash_flag",
    "mean_wealth_t",
    "pct_insolvent",
    "wealth_concentration"
  ]
}