{
  "scenario": "llm",
  "calibration_phase": "pre",
  "n_runs": 3,
  "n_rows": 35250,
  "tick_ms": 100,
  "crash_window_ticks": 10,
  "crash_threshold_pct": 1.93,
  "min_price_fraction": 0.85,
  "flash_crash_rate": 0.0,
  "run_max_drawdown_pct": {
    "mean": 0.17927001258210762,
    "p50": 0.1849146473247915,
    "p90": 0.21362079141179705,
    "p95": 0.21720905942267274,
    "p99": 0.2200796738313733,
    "max": 0.22079732743354843
  },
  "mean_ofi_pre": 0.05232144107258769,
  "mean_ofi_drop": -4.742511665323831,
  "mean_wealth_by_phase": {
    "drop": 292911.59362188156,
    "post": 323954.9187140467,
    "pre": 175092.3313108004,
    "recovery": 324218.38966513926
  },
  "pct_insolvent_peak": 0.0,
  "wealth_concentration_drop": 0.8592306590768624,
  "columns": [
    "run_id",
    "event_id",
    "tick_ms",
    "phase",
    "close",
    "mid_price",
    "ofi",
    "spread_bps",
    "depth_imbalance",
    "trade_intensity",
    "realized_vol_50",
    "leverage_proxy",
    "kyle_lambda",
    "vpin",
    "flash_crash_flag",
    "mean_wealth_t",
    "pct_insolvent",
    "wealth_concentration"
  ]
}