{
  "scenario": "llm",
  "calibration_phase": "pre",
  "n_runs": 3,
  "n_rows": 35250,
  "tick_ms": 100,
  "crash_window_ticks": 10,
  "crash_threshold_pct": 1.93,
  "min_price_fraction": 0.85,
  "flash_crash_rate": 0.0,
  "run_max_drawdown_pct": {
    "mean": 0.5902919441004203,
    "p50": 0.7337110592997665,
    "p90": 0.7864454511349178,
    "p95": 0.7930372501143117,
    "p99": 0.7983106892978268,
    "max": 0.7996290490937056
  },
  "mean_ofi_pre": 0.24078266328312756,
  "mean_ofi_drop": -3.860977660506915,
  "mean_wealth_by_phase": {
    "drop": 205610.58810387863,
    "post": 210671.90930274912,
    "pre": 175875.35761564583,
    "recovery": 210850.19954849404
  },
  "pct_insolvent_peak": 0.03,
  "wealth_concentration_drop": 0.9939586000845292,
  "columns": [
    "run_id",
    "event_id",
    "tick_ms",
    "phase",
    "close",
    "mid_price",
    "ofi",
    "spread_bps",
    "depth_imbalance",
    "trade_intensity",
    "realized_vol_50",
    "leverage_proxy",
    "kyle_lambda",
    "vpin",
    "flash_crash_flag",
    "mean_wealth_t",
    "pct_insolvent",
    "wealth_concentration"
  ]
}