{
  "scenario": "llm",
  "calibration_phase": "pre",
  "n_runs": 3,
  "n_rows": 32850,
  "tick_ms": 100,
  "crash_window_ticks": 10,
  "crash_threshold_pct": 1.93,
  "min_price_fraction": 0.85,
  "flash_crash_rate": 0.3333333333333333,
  "run_max_drawdown_pct": {
    "mean": 1.1526332215805797,
    "p50": 0.44505875110160886,
    "p90": 2.28155202712712,
    "p95": 2.5111136866303085,
    "p99": 2.69476301423286,
    "max": 2.740675346133498
  },
  "mean_ofi_pre": 0.23349107802891272,
  "mean_ofi_drop": -3.282116355381372,
  "mean_wealth_by_phase": {
    "drop": 205722.75708023083,
    "post": 210567.96856149618,
    "pre": 176079.2476730426,
    "recovery": 211363.0269752155
  },
  "pct_insolvent_peak": 0.07,
  "wealth_concentration_drop": 1.0179533233889346,
  "columns": [
    "run_id",
    "event_id",
    "tick_ms",
    "phase",
    "close",
    "mid_price",
    "ofi",
    "spread_bps",
    "depth_imbalance",
    "trade_intensity",
    "realized_vol_50",
    "leverage_proxy",
    "kyle_lambda",
    "vpin",
    "flash_crash_flag",
    "mean_wealth_t",
    "pct_insolvent",
    "wealth_concentration"
  ]
}