{
  "scenario": "llm",
  "calibration_phase": "pre",
  "n_runs": 3,
  "n_rows": 35250,
  "tick_ms": 100,
  "crash_window_ticks": 10,
  "crash_threshold_pct": 1.93,
  "min_price_fraction": 0.85,
  "flash_crash_rate": 0.0,
  "run_max_drawdown_pct": {
    "mean": 0.4166680816692947,
    "p50": 0.41553896276542146,
    "p90": 0.44762365873494,
    "p95": 0.45163424573112976,
    "p99": 0.4548427153280816,
    "max": 0.4556448327273196
  },
  "mean_ofi_pre": 0.027870311268298982,
  "mean_ofi_drop": -3.1214460754970252,
  "mean_wealth_by_phase": {
    "drop": 217203.33535346462,
    "post": 221438.4096938402,
    "pre": 175057.9146395486,
    "recovery": 221553.7393338997
  },
  "pct_insolvent_peak": 0.0,
  "wealth_concentration_drop": 1.0190900228872972,
  "columns": [
    "run_id",
    "event_id",
    "tick_ms",
    "phase",
    "close",
    "mid_price",
    "ofi",
    "spread_bps",
    "depth_imbalance",
    "trade_intensity",
    "realized_vol_50",
    "leverage_proxy",
    "kyle_lambda",
    "vpin",
    "flash_crash_flag",
    "mean_wealth_t",
    "pct_insolvent",
    "wealth_concentration"
  ]
}