{
  "scenario": "llm",
  "calibration_phase": "pre",
  "n_runs": 3,
  "n_rows": 32650,
  "tick_ms": 100,
  "crash_window_ticks": 10,
  "crash_threshold_pct": 1.93,
  "min_price_fraction": 0.85,
  "flash_crash_rate": 0.0,
  "run_max_drawdown_pct": {
    "mean": 0.3354838068265667,
    "p50": 0.26411702099349943,
    "p90": 0.5419854135498183,
    "p95": 0.5767189626193582,
    "p99": 0.60450580187499,
    "max": 0.611452511688898
  },
  "mean_ofi_pre": 0.14924940778043175,
  "mean_ofi_drop": -4.747478729177199,
  "mean_wealth_by_phase": {
    "drop": 267814.72247238783,
    "post": 296406.02782903746,
    "pre": 175369.25499236144,
    "recovery": 307073.70309018786
  },
  "pct_insolvent_peak": 0.0,
  "wealth_concentration_drop": 0.8938716257022007,
  "columns": [
    "run_id",
    "event_id",
    "tick_ms",
    "phase",
    "close",
    "mid_price",
    "ofi",
    "spread_bps",
    "depth_imbalance",
    "trade_intensity",
    "realized_vol_50",
    "leverage_proxy",
    "kyle_lambda",
    "vpin",
    "flash_crash_flag",
    "mean_wealth_t",
    "pct_insolvent",
    "wealth_concentration"
  ]
}