{
  "cfg_label": "cfgC_dim350_dsp020_rdamp0130",
  "input_dir": "data/processed/tardis/phase2_outputs/rescue_sweep_cfgC_dim350_dsp020_rdamp_v1/cfgC_dim350_dsp020_rdamp0130/raw",
  "panel_file": "data/processed/tardis/phase2_outputs/rescue_sweep_cfgC_dim350_dsp020_rdamp_v1/cfgC_dim350_dsp020_rdamp0130/censored_panel.csv",
  "guard_window": 5,
  "crash_window": 10,
  "min_price_fraction": 0.6,
  "n_shards": 4,
  "n_runs": 20,
  "raw_rows_total": 235000,
  "censored_rows_total": 115817,
  "crash_rate_raw": 0.05,
  "crash_rate_censored": 0.05,
  "avg_frac_at_min_censored": 0.0,
  "floor_exposure": 0.0,
  "usable_fraction_total_mean": 0.49283829787234035,
  "usable_fraction_drop_mean": 0.60817,
  "drawdown_at_first_crash": {
    "mean": 2.0398047965198183,
    "p50": 2.0398047965198183,
    "p95": 2.0398047965198183
  },
  "ofi_first_crash": {
    "mean": -3.3279718975780974,
    "p50": -3.3279718975780974,
    "p95": -3.3279718975780974
  },
  "ofi_crash_window": {
    "mean": -6.174991978328243,
    "p50": -6.174991978328243,
    "p95": -6.174991978328243
  },
  "spread_crash_window": {
    "mean": 3.627214047,
    "p50": 3.627214047,
    "p95": 3.627214047
  },
  "spread_pre": {
    "mean": 5.819488109999999,
    "p50": 5.819488109999999,
    "p95": 5.819488109999999
  },
  "depth_crash_window": {
    "mean": -0.2395045832881661,
    "p50": -0.2395045832881661,
    "p95": -0.2395045832881661
  },
  "depth_pre": {
    "mean": 0.02260226887943422,
    "p50": 0.02260226887943422,
    "p95": 0.02260226887943422
  },
  "per_run_metrics_csv": "data/processed/tardis/phase2_outputs/rescue_sweep_cfgC_dim350_dsp020_rdamp_v1/cfgC_dim350_dsp020_rdamp0130/analysis/censored/per_run_censored_metrics.csv",
  "per_shard_metrics_csv": "data/processed/tardis/phase2_outputs/rescue_sweep_cfgC_dim350_dsp020_rdamp_v1/cfgC_dim350_dsp020_rdamp0130/analysis/censored/per_shard_censored_metrics.csv"
}