{
  "scenario": "llm",
  "calibration_phase": "pre",
  "n_runs": 3,
  "n_rows": 35250,
  "tick_ms": 100,
  "crash_window_ticks": 10,
  "crash_threshold_pct": 1.93,
  "min_price_fraction": 0.85,
  "flash_crash_rate": 0.0,
  "run_max_drawdown_pct": {
    "mean": 0.3205920159177069,
    "p50": 0.4089992866346148,
    "p90": 0.447750335821525,
    "p95": 0.4525942169698888,
    "p99": 0.4564693218885798,
    "max": 0.45743809811825253
  },
  "mean_ofi_pre": 0.10259945003286397,
  "mean_ofi_drop": -4.1277189642814065,
  "mean_wealth_by_phase": {
    "drop": 290375.76873918466,
    "post": 248335.56776550692,
    "pre": 175231.61844943726,
    "recovery": 290587.7279310934
  },
  "pct_insolvent_peak": 0.05,
  "wealth_concentration_drop": 0.9645986997898477,
  "columns": [
    "run_id",
    "event_id",
    "tick_ms",
    "phase",
    "close",
    "mid_price",
    "ofi",
    "spread_bps",
    "depth_imbalance",
    "trade_intensity",
    "realized_vol_50",
    "leverage_proxy",
    "kyle_lambda",
    "vpin",
    "flash_crash_flag",
    "mean_wealth_t",
    "pct_insolvent",
    "wealth_concentration"
  ]
}