{
  "scenario": "llm",
  "calibration_phase": "pre",
  "n_runs": 10,
  "n_rows": 117500,
  "tick_ms": 100,
  "crash_window_ticks": 10,
  "crash_threshold_pct": 1.93,
  "min_price_fraction": 0.85,
  "flash_crash_rate": 0.0,
  "run_max_drawdown_pct": {
    "mean": 0.8738782618985736,
    "p50": 0.8247801138628659,
    "p90": 1.4511296279490484,
    "p95": 1.519926383073507,
    "p99": 1.5749637871730744,
    "max": 1.588723138197966
  },
  "mean_ofi_pre": 0.1449617194432072,
  "mean_ofi_drop": -2.4173826122597912,
  "mean_wealth_by_phase": {
    "drop": 189590.7010546773,
    "post": 190876.17561503552,
    "pre": 175346.8217754846,
    "recovery": 190950.45023086868
  },
  "pct_insolvent_peak": 0.06,
  "wealth_concentration_drop": 1.0545611265105577,
  "columns": [
    "run_id",
    "event_id",
    "tick_ms",
    "phase",
    "close",
    "mid_price",
    "ofi",
    "spread_bps",
    "depth_imbalance",
    "trade_intensity",
    "realized_vol_50",
    "leverage_proxy",
    "kyle_lambda",
    "vpin",
    "flash_crash_flag",
    "mean_wealth_t",
    "pct_insolvent",
    "wealth_concentration"
  ]
}