{
  "scenario": "llm",
  "calibration_phase": "pre",
  "n_runs": 3,
  "n_rows": 35250,
  "tick_ms": 100,
  "crash_window_ticks": 10,
  "crash_threshold_pct": 1.93,
  "min_price_fraction": 0.85,
  "flash_crash_rate": 0.0,
  "run_max_drawdown_pct": {
    "mean": 0.9198132229097659,
    "p50": 0.7048546107996825,
    "p90": 1.4150139179584658,
    "p95": 1.5037838313533134,
    "p99": 1.5747997620691918,
    "max": 1.5925537447481615
  },
  "mean_ofi_pre": 0.31722469607318493,
  "mean_ofi_drop": -3.59775960956013,
  "mean_wealth_by_phase": {
    "drop": 185634.08543720003,
    "post": 186705.44483262722,
    "pre": 176220.63769596367,
    "recovery": 186860.13964185162
  },
  "pct_insolvent_peak": 0.05,
  "wealth_concentration_drop": 1.043364555539325,
  "columns": [
    "run_id",
    "event_id",
    "tick_ms",
    "phase",
    "close",
    "mid_price",
    "ofi",
    "spread_bps",
    "depth_imbalance",
    "trade_intensity",
    "realized_vol_50",
    "leverage_proxy",
    "kyle_lambda",
    "vpin",
    "flash_crash_flag",
    "mean_wealth_t",
    "pct_insolvent",
    "wealth_concentration"
  ]
}