{
  "scenario": "llm",
  "calibration_phase": "pre",
  "n_runs": 25,
  "n_rows": 286350,
  "tick_ms": 100,
  "crash_window_ticks": 10,
  "crash_threshold_pct": 1.93,
  "min_price_fraction": 0.7,
  "flash_crash_rate": 0.0,
  "run_max_drawdown_pct": {
    "mean": 0.7389428432100914,
    "p50": 0.6062345588910923,
    "p90": 1.16344314709324,
    "p95": 1.3428459634943184,
    "p99": 1.426923661277684,
    "max": 1.440095699753075
  },
  "mean_ofi_pre": 0.028410145616471313,
  "mean_ofi_drop": -7.600773583688385,
  "mean_wealth_by_phase": {
    "drop": 553517.3892082772,
    "post": 328634.6848156552,
    "pre": 175318.6759698087,
    "recovery": 416249.1589468229
  },
  "pct_insolvent_peak": 0.49,
  "wealth_concentration_drop": 1.0775158540226348,
  "columns": [
    "run_id",
    "event_id",
    "tick_ms",
    "phase",
    "close",
    "mid_price",
    "ofi",
    "spread_bps",
    "depth_imbalance",
    "trade_intensity",
    "realized_vol_50",
    "leverage_proxy",
    "kyle_lambda",
    "vpin",
    "flash_crash_flag",
    "mean_wealth_t",
    "pct_insolvent",
    "wealth_concentration"
  ]
}