{
  "scenario": "llm",
  "calibration_phase": "pre",
  "n_runs": 25,
  "n_rows": 293750,
  "tick_ms": 100,
  "crash_window_ticks": 10,
  "crash_threshold_pct": 1.93,
  "min_price_fraction": 0.5,
  "flash_crash_rate": 0.12,
  "run_max_drawdown_pct": {
    "mean": 1.2105584180162334,
    "p50": 1.0656908764375383,
    "p90": 2.0276854450686437,
    "p95": 2.4613447417806062,
    "p99": 2.654477468411777,
    "max": 2.688135653799342
  },
  "mean_ofi_pre": 0.15079635163448912,
  "mean_ofi_drop": -5.111935635925332,
  "mean_wealth_by_phase": {
    "drop": 700605.7383275115,
    "post": 658979.8097956987,
    "pre": 175521.6948265507,
    "recovery": 825574.1801501426
  },
  "pct_insolvent_peak": 0.29,
  "wealth_concentration_drop": 0.9054280857813953,
  "columns": [
    "run_id",
    "event_id",
    "tick_ms",
    "phase",
    "close",
    "mid_price",
    "ofi",
    "spread_bps",
    "depth_imbalance",
    "trade_intensity",
    "realized_vol_50",
    "leverage_proxy",
    "kyle_lambda",
    "vpin",
    "flash_crash_flag",
    "mean_wealth_t",
    "pct_insolvent",
    "wealth_concentration"
  ]
}