{
  "scenario": "uniform",
  "calibration_phase": "normal_bull",
  "n_runs": 50,
  "n_rows": 587500,
  "tick_ms": 100,
  "crash_window_ticks": 10,
  "crash_threshold_pct": 1.93,
  "min_price_fraction": 0.7,
  "flash_crash_rate": 0.0,
  "run_max_drawdown_pct": {
    "mean": 0.1179950879238397,
    "p50": 0.06978985211024191,
    "p90": 0.3366668888671861,
    "p95": 0.374495788281485,
    "p99": 0.43172929567178986,
    "max": 0.4527795756044327
  },
  "mean_ofi_pre": 0.05866813103367463,
  "mean_ofi_drop": -0.4195078569214146,
  "mean_wealth_by_phase": {
    "drop": 188263.92336752615,
    "post": 214015.51191758033,
    "pre": 175050.2229783159,
    "recovery": 210714.63021892897
  },
  "pct_insolvent_peak": 0.0,
  "wealth_concentration_drop": 0.921344222169977,
  "columns": [
    "run_id",
    "event_id",
    "tick_ms",
    "phase",
    "close",
    "mid_price",
    "ofi",
    "spread_bps",
    "depth_imbalance",
    "trade_intensity",
    "realized_vol_50",
    "leverage_proxy",
    "kyle_lambda",
    "vpin",
    "flash_crash_flag",
    "mean_wealth_t",
    "pct_insolvent",
    "wealth_concentration"
  ]
}