{
  "scenario": "llm",
  "calibration_phase": "pre",
  "n_runs": 5,
  "n_rows": 58750,
  "tick_ms": 100,
  "crash_window_ticks": 10,
  "crash_threshold_pct": 1.93,
  "min_price_fraction": 0.9,
  "flash_crash_rate": 0.0,
  "run_max_drawdown_pct": {
    "mean": 0.7787989728383,
    "p50": 0.688957505104,
    "p90": 1.2873862424211984,
    "p95": 1.2876060736077009,
    "p99": 1.287781938556903,
    "max": 1.2878259047942036
  },
  "mean_ofi_pre": 0.1829382352187214,
  "mean_ofi_drop": -2.575221813751764,
  "mean_wealth_by_phase": {
    "drop": 182600.12167161546,
    "post": 183155.81204320563,
    "pre": 175598.5441909101,
    "recovery": 183236.2760906766
  },
  "pct_insolvent_peak": 0.01,
  "wealth_concentration_drop": 1.0187209664066779,
  "columns": [
    "run_id",
    "event_id",
    "tick_ms",
    "phase",
    "close",
    "mid_price",
    "ofi",
    "spread_bps",
    "depth_imbalance",
    "trade_intensity",
    "realized_vol_50",
    "leverage_proxy",
    "kyle_lambda",
    "vpin",
    "flash_crash_flag",
    "mean_wealth_t",
    "pct_insolvent",
    "wealth_concentration"
  ]
}