{
  "scenario": "llm",
  "calibration_phase": "pre",
  "n_runs": 10,
  "n_rows": 114900,
  "tick_ms": 100,
  "crash_window_ticks": 10,
  "crash_threshold_pct": 1.93,
  "min_price_fraction": 0.85,
  "flash_crash_rate": 0.0,
  "run_max_drawdown_pct": {
    "mean": 0.8392480028352537,
    "p50": 0.7906378588368322,
    "p90": 1.6212041373333281,
    "p95": 1.6853796004688903,
    "p99": 1.7367199709773402,
    "max": 1.7495550636044526
  },
  "mean_ofi_pre": 0.27985062229238405,
  "mean_ofi_drop": -3.8530013787695725,
  "mean_wealth_by_phase": {
    "drop": 202953.3735187562,
    "post": 206906.74086742185,
    "pre": 176123.02874705137,
    "recovery": 206809.48942142187
  },
  "pct_insolvent_peak": 0.06,
  "wealth_concentration_drop": 0.9954541134391109,
  "columns": [
    "run_id",
    "event_id",
    "tick_ms",
    "phase",
    "close",
    "mid_price",
    "ofi",
    "spread_bps",
    "depth_imbalance",
    "trade_intensity",
    "realized_vol_50",
    "leverage_proxy",
    "kyle_lambda",
    "vpin",
    "flash_crash_flag",
    "mean_wealth_t",
    "pct_insolvent",
    "wealth_concentration"
  ]
}