{
  "scenario": "llm",
  "calibration_phase": "pre",
  "n_runs": 3,
  "n_rows": 33050,
  "tick_ms": 100,
  "crash_window_ticks": 10,
  "crash_threshold_pct": 1.93,
  "min_price_fraction": 0.85,
  "flash_crash_rate": 0.0,
  "run_max_drawdown_pct": {
    "mean": 0.5026607552660755,
    "p50": 0.4643780468166802,
    "p90": 0.598154790440155,
    "p95": 0.6148768833930892,
    "p99": 0.6282545577554367,
    "max": 0.6315989763460236
  },
  "mean_ofi_pre": 0.08316225147183252,
  "mean_ofi_drop": -3.192740573337968,
  "mean_wealth_by_phase": {
    "drop": 206788.08277209874,
    "post": 209844.52602765584,
    "pre": 175102.7057401956,
    "recovery": 207256.31259933434
  },
  "pct_insolvent_peak": 0.01,
  "wealth_concentration_drop": 1.0005690296428498,
  "columns": [
    "run_id",
    "event_id",
    "tick_ms",
    "phase",
    "close",
    "mid_price",
    "ofi",
    "spread_bps",
    "depth_imbalance",
    "trade_intensity",
    "realized_vol_50",
    "leverage_proxy",
    "kyle_lambda",
    "vpin",
    "flash_crash_flag",
    "mean_wealth_t",
    "pct_insolvent",
    "wealth_concentration"
  ]
}