{
  "scenario": "llm",
  "calibration_phase": "pre",
  "n_runs": 5,
  "n_rows": 58750,
  "tick_ms": 100,
  "crash_window_ticks": 10,
  "crash_threshold_pct": 1.93,
  "min_price_fraction": 0.9,
  "flash_crash_rate": 0.0,
  "run_max_drawdown_pct": {
    "mean": 0.5592553851063707,
    "p50": 0.6056242503424696,
    "p90": 0.7100941271552424,
    "p95": 0.7189671509729614,
    "p99": 0.7260655700271366,
    "max": 0.7278401747906804
  },
  "mean_ofi_pre": 0.09273626040060887,
  "mean_ofi_drop": -2.271169784282937,
  "mean_wealth_by_phase": {
    "drop": 184302.9096796688,
    "post": 184724.29151551254,
    "pre": 175171.17844934238,
    "recovery": 184791.98513898576
  },
  "pct_insolvent_peak": 0.0,
  "wealth_concentration_drop": 1.0018768935584932,
  "columns": [
    "run_id",
    "event_id",
    "tick_ms",
    "phase",
    "close",
    "mid_price",
    "ofi",
    "spread_bps",
    "depth_imbalance",
    "trade_intensity",
    "realized_vol_50",
    "leverage_proxy",
    "kyle_lambda",
    "vpin",
    "flash_crash_flag",
    "mean_wealth_t",
    "pct_insolvent",
    "wealth_concentration"
  ]
}