{
  "scenario": "llm",
  "calibration_phase": "pre",
  "n_runs": 5,
  "n_rows": 56350,
  "tick_ms": 100,
  "crash_window_ticks": 10,
  "crash_threshold_pct": 1.93,
  "min_price_fraction": 0.9,
  "flash_crash_rate": 0.0,
  "run_max_drawdown_pct": {
    "mean": 0.60498345768972,
    "p50": 0.5987393003949707,
    "p90": 0.7844255186303111,
    "p95": 0.8429409360436132,
    "p99": 0.8897532699742551,
    "max": 0.9014563534569155
  },
  "mean_ofi_pre": 0.09658532436505564,
  "mean_ofi_drop": -2.1593654892882608,
  "mean_wealth_by_phase": {
    "drop": 183039.1204635848,
    "post": 183401.3377460888,
    "pre": 175198.04857492456,
    "recovery": 184121.36751874007
  },
  "pct_insolvent_peak": 0.01,
  "wealth_concentration_drop": 1.0171533388098355,
  "columns": [
    "run_id",
    "event_id",
    "tick_ms",
    "phase",
    "close",
    "mid_price",
    "ofi",
    "spread_bps",
    "depth_imbalance",
    "trade_intensity",
    "realized_vol_50",
    "leverage_proxy",
    "kyle_lambda",
    "vpin",
    "flash_crash_flag",
    "mean_wealth_t",
    "pct_insolvent",
    "wealth_concentration"
  ]
}