{
  "scenario": "llm",
  "calibration_phase": "pre",
  "n_runs": 10,
  "n_rows": 117500,
  "tick_ms": 100,
  "crash_window_ticks": 10,
  "crash_threshold_pct": 1.93,
  "min_price_fraction": 0.85,
  "flash_crash_rate": 0.2,
  "run_max_drawdown_pct": {
    "mean": 1.0718139169387755,
    "p50": 0.9412695208998504,
    "p90": 1.9690045759440757,
    "p95": 2.0953974835994376,
    "p99": 2.1965118097237277,
    "max": 2.2217903912548
  },
  "mean_ofi_pre": 0.2785440353006747,
  "mean_ofi_drop": -2.768805106438587,
  "mean_wealth_by_phase": {
    "drop": 183233.29364639163,
    "post": 184298.5705325512,
    "pre": 176039.88352265646,
    "recovery": 184399.4320717898
  },
  "pct_insolvent_peak": 0.1,
  "wealth_concentration_drop": 1.0700276267061237,
  "columns": [
    "run_id",
    "event_id",
    "tick_ms",
    "phase",
    "close",
    "mid_price",
    "ofi",
    "spread_bps",
    "depth_imbalance",
    "trade_intensity",
    "realized_vol_50",
    "leverage_proxy",
    "kyle_lambda",
    "vpin",
    "flash_crash_flag",
    "mean_wealth_t",
    "pct_insolvent",
    "wealth_concentration"
  ]
}