{
  "scenario": "llm",
  "calibration_phase": "pre",
  "n_runs": 5,
  "n_rows": 56550,
  "tick_ms": 100,
  "crash_window_ticks": 10,
  "crash_threshold_pct": 1.93,
  "min_price_fraction": 0.9,
  "flash_crash_rate": 0.2,
  "run_max_drawdown_pct": {
    "mean": 0.8754618900242933,
    "p50": 0.35636023384533766,
    "p90": 1.7812458762890964,
    "p95": 1.8575211567643555,
    "p99": 1.918541381144563,
    "max": 1.933796437239615
  },
  "mean_ofi_pre": 0.2536108625244106,
  "mean_ofi_drop": -2.960956499259682,
  "mean_wealth_by_phase": {
    "drop": 187705.06405600335,
    "post": 188882.30307874092,
    "pre": 176158.59682702742,
    "recovery": 186956.44075081975
  },
  "pct_insolvent_peak": 0.03,
  "wealth_concentration_drop": 1.0087639598481524,
  "columns": [
    "run_id",
    "event_id",
    "tick_ms",
    "phase",
    "close",
    "mid_price",
    "ofi",
    "spread_bps",
    "depth_imbalance",
    "trade_intensity",
    "realized_vol_50",
    "leverage_proxy",
    "kyle_lambda",
    "vpin",
    "flash_crash_flag",
    "mean_wealth_t",
    "pct_insolvent",
    "wealth_concentration"
  ]
}