{
  "scenario": "llm",
  "calibration_phase": "pre",
  "n_runs": 3,
  "n_rows": 35250,
  "tick_ms": 100,
  "crash_window_ticks": 10,
  "crash_threshold_pct": 1.93,
  "min_price_fraction": 0.85,
  "flash_crash_rate": 0.0,
  "run_max_drawdown_pct": {
    "mean": 0.6930826562265557,
    "p50": 0.5073785896191964,
    "p90": 1.029109123088262,
    "p95": 1.0943254397718953,
    "p99": 1.146498493118802,
    "max": 1.1595417564555286
  },
  "mean_ofi_pre": 0.11451879707269513,
  "mean_ofi_drop": -3.0081983804497776,
  "mean_wealth_by_phase": {
    "drop": 205249.06025700492,
    "post": 208729.67794926686,
    "pre": 175291.87318640648,
    "recovery": 208820.22347471752
  },
  "pct_insolvent_peak": 0.02,
  "wealth_concentration_drop": 1.0370468971483726,
  "columns": [
    "run_id",
    "event_id",
    "tick_ms",
    "phase",
    "close",
    "mid_price",
    "ofi",
    "spread_bps",
    "depth_imbalance",
    "trade_intensity",
    "realized_vol_50",
    "leverage_proxy",
    "kyle_lambda",
    "vpin",
    "flash_crash_flag",
    "mean_wealth_t",
    "pct_insolvent",
    "wealth_concentration"
  ]
}