{
  "scenario": "llm",
  "calibration_phase": "pre",
  "n_runs": 25,
  "n_rows": 288950,
  "tick_ms": 100,
  "crash_window_ticks": 10,
  "crash_threshold_pct": 1.93,
  "min_price_fraction": 0.7,
  "flash_crash_rate": 0.0,
  "run_max_drawdown_pct": {
    "mean": 0.9088572913149794,
    "p50": 0.8142132453736439,
    "p90": 1.2938595481253736,
    "p95": 1.4527997053197383,
    "p99": 1.5070901673107608,
    "max": 1.5119994780578794
  },
  "mean_ofi_pre": 0.06889433248572045,
  "mean_ofi_drop": -7.324910096531906,
  "mean_wealth_by_phase": {
    "drop": 420303.55784793006,
    "post": 310058.3494242115,
    "pre": 175543.3710657787,
    "recovery": 349022.3995050535
  },
  "pct_insolvent_peak": 0.5,
  "wealth_concentration_drop": 1.0898261698454679,
  "columns": [
    "run_id",
    "event_id",
    "tick_ms",
    "phase",
    "close",
    "mid_price",
    "ofi",
    "spread_bps",
    "depth_imbalance",
    "trade_intensity",
    "realized_vol_50",
    "leverage_proxy",
    "kyle_lambda",
    "vpin",
    "flash_crash_flag",
    "mean_wealth_t",
    "pct_insolvent",
    "wealth_concentration"
  ]
}