{
  "scenario": "llm",
  "calibration_phase": "pre",
  "n_runs": 3,
  "n_rows": 35250,
  "tick_ms": 100,
  "crash_window_ticks": 10,
  "crash_threshold_pct": 1.93,
  "min_price_fraction": 0.85,
  "flash_crash_rate": 0.0,
  "run_max_drawdown_pct": {
    "mean": 0.40517480930482774,
    "p50": 0.1739328651621456,
    "p90": 0.784014430742437,
    "p95": 0.8602746264399733,
    "p99": 0.9212827829980025,
    "max": 0.9365348221375098
  },
  "mean_ofi_pre": 0.12019304223733374,
  "mean_ofi_drop": -4.276019429677159,
  "mean_wealth_by_phase": {
    "drop": 319848.92637688556,
    "post": 286729.49006700556,
    "pre": 175383.28310501404,
    "recovery": 332103.8553971409
  },
  "pct_insolvent_peak": 0.05,
  "wealth_concentration_drop": 0.9701750157540532,
  "columns": [
    "run_id",
    "event_id",
    "tick_ms",
    "phase",
    "close",
    "mid_price",
    "ofi",
    "spread_bps",
    "depth_imbalance",
    "trade_intensity",
    "realized_vol_50",
    "leverage_proxy",
    "kyle_lambda",
    "vpin",
    "flash_crash_flag",
    "mean_wealth_t",
    "pct_insolvent",
    "wealth_concentration"
  ]
}