{
  "scenario": "llm",
  "calibration_phase": "pre",
  "n_runs": 3,
  "n_rows": 35250,
  "tick_ms": 100,
  "crash_window_ticks": 10,
  "crash_threshold_pct": 1.93,
  "min_price_fraction": 0.85,
  "flash_crash_rate": 0.0,
  "run_max_drawdown_pct": {
    "mean": 0.6212153788157468,
    "p50": 0.6476278172199825,
    "p90": 0.7576176379219222,
    "p95": 0.7713663655096645,
    "p99": 0.7823653475798585,
    "max": 0.785115093097407
  },
  "mean_ofi_pre": 0.10811598796114705,
  "mean_ofi_drop": -2.8194030593523425,
  "mean_wealth_by_phase": {
    "drop": 197419.370916348,
    "post": 199429.81352312877,
    "pre": 175201.32215544715,
    "recovery": 199512.49350273632
  },
  "pct_insolvent_peak": 0.02,
  "wealth_concentration_drop": 1.0329222428184481,
  "columns": [
    "run_id",
    "event_id",
    "tick_ms",
    "phase",
    "close",
    "mid_price",
    "ofi",
    "spread_bps",
    "depth_imbalance",
    "trade_intensity",
    "realized_vol_50",
    "leverage_proxy",
    "kyle_lambda",
    "vpin",
    "flash_crash_flag",
    "mean_wealth_t",
    "pct_insolvent",
    "wealth_concentration"
  ]
}