{
  "scenario": "llm",
  "calibration_phase": "pre",
  "n_runs": 10,
  "n_rows": 116100,
  "tick_ms": 100,
  "crash_window_ticks": 10,
  "crash_threshold_pct": 1.93,
  "min_price_fraction": 0.85,
  "flash_crash_rate": 0.0,
  "run_max_drawdown_pct": {
    "mean": 0.43056420141728297,
    "p50": 0.4187414056994753,
    "p90": 0.5250278776740449,
    "p95": 0.5352564863034656,
    "p99": 0.5434393732070021,
    "max": 0.5454850949328862
  },
  "mean_ofi_pre": 0.060368595085780324,
  "mean_ofi_drop": -3.7640876137919794,
  "mean_wealth_by_phase": {
    "drop": 232486.3599752411,
    "post": 239462.78455928812,
    "pre": 175115.16997171548,
    "recovery": 236234.71043774814
  },
  "pct_insolvent_peak": 0.01,
  "wealth_concentration_drop": 0.9520888228011725,
  "columns": [
    "run_id",
    "event_id",
    "tick_ms",
    "phase",
    "close",
    "mid_price",
    "ofi",
    "spread_bps",
    "depth_imbalance",
    "trade_intensity",
    "realized_vol_50",
    "leverage_proxy",
    "kyle_lambda",
    "vpin",
    "flash_crash_flag",
    "mean_wealth_t",
    "pct_insolvent",
    "wealth_concentration"
  ]
}