{
  "scenario": "llm",
  "calibration_phase": "pre",
  "n_runs": 3,
  "n_rows": 35250,
  "tick_ms": 100,
  "crash_window_ticks": 10,
  "crash_threshold_pct": 1.93,
  "min_price_fraction": 0.85,
  "flash_crash_rate": 0.0,
  "run_max_drawdown_pct": {
    "mean": 0.3576712923389634,
    "p50": 0.1585969947956108,
    "p90": 0.6813851951698827,
    "p95": 0.7467337202166666,
    "p99": 0.7990125402540939,
    "max": 0.8120822452634506
  },
  "mean_ofi_pre": 0.07567550592903291,
  "mean_ofi_drop": -4.309889888034003,
  "mean_wealth_by_phase": {
    "drop": 319941.6217904726,
    "post": 288176.8015461701,
    "pre": 175200.55846737168,
    "recovery": 335437.052243184
  },
  "pct_insolvent_peak": 0.03,
  "wealth_concentration_drop": 0.9572789276234157,
  "columns": [
    "run_id",
    "event_id",
    "tick_ms",
    "phase",
    "close",
    "mid_price",
    "ofi",
    "spread_bps",
    "depth_imbalance",
    "trade_intensity",
    "realized_vol_50",
    "leverage_proxy",
    "kyle_lambda",
    "vpin",
    "flash_crash_flag",
    "mean_wealth_t",
    "pct_insolvent",
    "wealth_concentration"
  ]
}