{
  "scenario": "llm",
  "calibration_phase": "pre",
  "n_runs": 5,
  "n_rows": 58750,
  "tick_ms": 100,
  "crash_window_ticks": 10,
  "crash_threshold_pct": 1.93,
  "min_price_fraction": 0.9,
  "flash_crash_rate": 0.0,
  "run_max_drawdown_pct": {
    "mean": 0.4362561553259831,
    "p50": 0.26233834822479085,
    "p90": 0.7858701236307668,
    "p95": 0.9203795340661385,
    "p99": 1.027987062414436,
    "max": 1.0548889445015104
  },
  "mean_ofi_pre": 0.08366484638065541,
  "mean_ofi_drop": -2.6633262383140304,
  "mean_wealth_by_phase": {
    "drop": 200346.21708084008,
    "post": 202547.6471892573,
    "pre": 175211.50232440358,
    "recovery": 202633.5252120033
  },
  "pct_insolvent_peak": 0.01,
  "wealth_concentration_drop": 0.9802832514864532,
  "columns": [
    "run_id",
    "event_id",
    "tick_ms",
    "phase",
    "close",
    "mid_price",
    "ofi",
    "spread_bps",
    "depth_imbalance",
    "trade_intensity",
    "realized_vol_50",
    "leverage_proxy",
    "kyle_lambda",
    "vpin",
    "flash_crash_flag",
    "mean_wealth_t",
    "pct_insolvent",
    "wealth_concentration"
  ]
}