{
  "scenario": "llm",
  "calibration_phase": "pre",
  "n_runs": 3,
  "n_rows": 35250,
  "tick_ms": 100,
  "crash_window_ticks": 10,
  "crash_threshold_pct": 1.93,
  "min_price_fraction": 0.85,
  "flash_crash_rate": 0.3333333333333333,
  "run_max_drawdown_pct": {
    "mean": 1.6051294705106756,
    "p50": 1.6257310059815997,
    "p90": 2.6647810087829082,
    "p95": 2.7946622591330716,
    "p99": 2.898567259413203,
    "max": 2.9245435094832355
  },
  "mean_ofi_pre": 0.2794533091405711,
  "mean_ofi_drop": -2.7285601949165788,
  "mean_wealth_by_phase": {
    "drop": 192823.8062443433,
    "post": 196347.27683996514,
    "pre": 176220.62137017603,
    "recovery": 196475.2974556101
  },
  "pct_insolvent_peak": 0.09,
  "wealth_concentration_drop": 1.0925346477822941,
  "columns": [
    "run_id",
    "event_id",
    "tick_ms",
    "phase",
    "close",
    "mid_price",
    "ofi",
    "spread_bps",
    "depth_imbalance",
    "trade_intensity",
    "realized_vol_50",
    "leverage_proxy",
    "kyle_lambda",
    "vpin",
    "flash_crash_flag",
    "mean_wealth_t",
    "pct_insolvent",
    "wealth_concentration"
  ]
}