{
  "scenario": "llm",
  "calibration_phase": "pre",
  "n_runs": 5,
  "n_rows": 58750,
  "tick_ms": 100,
  "crash_window_ticks": 10,
  "crash_threshold_pct": 1.93,
  "min_price_fraction": 0.9,
  "flash_crash_rate": 0.2,
  "run_max_drawdown_pct": {
    "mean": 1.1827915880615665,
    "p50": 1.148752388202815,
    "p90": 2.1643605788789784,
    "p95": 2.426560730255857,
    "p99": 2.63632085135736,
    "max": 2.688760881632736
  },
  "mean_ofi_pre": 0.26588192357467333,
  "mean_ofi_drop": -2.6209629021965384,
  "mean_wealth_by_phase": {
    "drop": 178367.66558581864,
    "post": 178731.58798863395,
    "pre": 176097.91021146765,
    "recovery": 178808.63587581867
  },
  "pct_insolvent_peak": 0.02,
  "wealth_concentration_drop": 1.0383392018860254,
  "columns": [
    "run_id",
    "event_id",
    "tick_ms",
    "phase",
    "close",
    "mid_price",
    "ofi",
    "spread_bps",
    "depth_imbalance",
    "trade_intensity",
    "realized_vol_50",
    "leverage_proxy",
    "kyle_lambda",
    "vpin",
    "flash_crash_flag",
    "mean_wealth_t",
    "pct_insolvent",
    "wealth_concentration"
  ]
}