{
  "scenario": "uniform",
  "config_json": "config/phase2_uniform_config.json",
  "calibration_phase": "pre",
  "n_runs": 25,
  "n_rows": 288950,
  "tick_ms": 100,
  "crash_window_ticks": 10,
  "crash_threshold_pct": 1.93,
  "min_price_fraction": 0.5,
  "flash_crash_rate": 0.0,
  "run_max_drawdown_pct": {
    "mean": 0.5675942565729811,
    "p50": 0.44494791010295176,
    "p90": 0.9281227731256472,
    "p95": 1.380354756163848,
    "p99": 1.8066056872946437,
    "max": 1.907734640612619
  },
  "mean_ofi_pre": 0.10878453891701206,
  "mean_ofi_drop": -2.9241332168398078,
  "mean_wealth_by_phase": {
    "drop": 589269.9979299586,
    "post": 884316.5752852564,
    "pre": 175104.11694735388,
    "recovery": 944770.5029340399
  },
  "pct_insolvent_peak": 0.2,
  "wealth_concentration_drop": 0.7470815369678832,
  "columns": [
    "run_id",
    "event_id",
    "tick_ms",
    "phase",
    "close",
    "mid_price",
    "ofi",
    "spread_bps",
    "depth_imbalance",
    "trade_intensity",
    "realized_vol_50",
    "leverage_proxy",
    "kyle_lambda",
    "vpin",
    "flash_crash_flag",
    "mean_wealth_t",
    "pct_insolvent",
    "wealth_concentration"
  ]
}