{
  "scenario": "uniform",
  "config_json": "config/phase2_uniform_config.json",
  "calibration_phase": "pre",
  "n_runs": 25,
  "n_rows": 291150,
  "tick_ms": 100,
  "crash_window_ticks": 10,
  "crash_threshold_pct": 1.93,
  "min_price_fraction": 0.5,
  "flash_crash_rate": 0.04,
  "run_max_drawdown_pct": {
    "mean": 0.5990700528570937,
    "p50": 0.48327138999283736,
    "p90": 0.9233799624067703,
    "p95": 1.332362901095178,
    "p99": 1.8585764396405149,
    "max": 1.9937579582290668
  },
  "mean_ofi_pre": 0.1112354905096171,
  "mean_ofi_drop": -2.9110850512807445,
  "mean_wealth_by_phase": {
    "drop": 550720.563639646,
    "post": 823806.6088157541,
    "pre": 175101.6999007507,
    "recovery": 886272.598553587
  },
  "pct_insolvent_peak": 0.2,
  "wealth_concentration_drop": 0.7371821766284056,
  "columns": [
    "run_id",
    "event_id",
    "tick_ms",
    "phase",
    "close",
    "mid_price",
    "ofi",
    "spread_bps",
    "depth_imbalance",
    "trade_intensity",
    "realized_vol_50",
    "leverage_proxy",
    "kyle_lambda",
    "vpin",
    "flash_crash_flag",
    "mean_wealth_t",
    "pct_insolvent",
    "wealth_concentration"
  ]
}