{
  "scenario": "uniform",
  "config_json": "config/phase2_uniform_config.json",
  "calibration_phase": "pre",
  "n_runs": 25,
  "n_rows": 287550,
  "tick_ms": 100,
  "crash_window_ticks": 10,
  "crash_threshold_pct": 1.93,
  "min_price_fraction": 0.5,
  "flash_crash_rate": 0.0,
  "run_max_drawdown_pct": {
    "mean": 0.5664032736435174,
    "p50": 0.5272914400936125,
    "p90": 0.9566319903972342,
    "p95": 0.9928182947024233,
    "p99": 1.0202341726285542,
    "max": 1.0267890976534906
  },
  "mean_ofi_pre": 0.11876517921547118,
  "mean_ofi_drop": -2.896280303962657,
  "mean_wealth_by_phase": {
    "drop": 524757.1605100874,
    "post": 846396.2842706859,
    "pre": 175118.46965129764,
    "recovery": 864759.1100428096
  },
  "pct_insolvent_peak": 0.2,
  "wealth_concentration_drop": 0.7284433716814971,
  "columns": [
    "run_id",
    "event_id",
    "tick_ms",
    "phase",
    "close",
    "mid_price",
    "ofi",
    "spread_bps",
    "depth_imbalance",
    "trade_intensity",
    "realized_vol_50",
    "leverage_proxy",
    "kyle_lambda",
    "vpin",
    "flash_crash_flag",
    "mean_wealth_t",
    "pct_insolvent",
    "wealth_concentration"
  ]
}