{
  "scenario": "uniform",
  "config_json": "config/phase2_uniform_config.json",
  "calibration_phase": "pre",
  "n_runs": 25,
  "n_rows": 291350,
  "tick_ms": 100,
  "crash_window_ticks": 10,
  "crash_threshold_pct": 1.93,
  "min_price_fraction": 0.5,
  "flash_crash_rate": 0.0,
  "run_max_drawdown_pct": {
    "mean": 0.635784223744151,
    "p50": 0.4517479692065081,
    "p90": 1.3024755794040903,
    "p95": 1.5484406189552054,
    "p99": 1.7446937509324218,
    "max": 1.8027967798004134
  },
  "mean_ofi_pre": 0.12199949636509982,
  "mean_ofi_drop": -2.915086682810217,
  "mean_wealth_by_phase": {
    "drop": 536833.5243385482,
    "post": 816932.3044655749,
    "pre": 175134.26764223585,
    "recovery": 873004.4964290777
  },
  "pct_insolvent_peak": 0.2,
  "wealth_concentration_drop": 0.7500646231095512,
  "columns": [
    "run_id",
    "event_id",
    "tick_ms",
    "phase",
    "close",
    "mid_price",
    "ofi",
    "spread_bps",
    "depth_imbalance",
    "trade_intensity",
    "realized_vol_50",
    "leverage_proxy",
    "kyle_lambda",
    "vpin",
    "flash_crash_flag",
    "mean_wealth_t",
    "pct_insolvent",
    "wealth_concentration"
  ]
}