{
  "scenario": "uniform",
  "config_json": "config/phase2_uniform_config.json",
  "calibration_phase": "pre",
  "n_runs": 25,
  "n_rows": 290950,
  "tick_ms": 100,
  "crash_window_ticks": 10,
  "crash_threshold_pct": 1.93,
  "min_price_fraction": 0.5,
  "flash_crash_rate": 0.0,
  "run_max_drawdown_pct": {
    "mean": 0.4323154243397925,
    "p50": 0.3703350380761544,
    "p90": 0.6948017041275361,
    "p95": 0.8555127540378451,
    "p99": 0.9830185880107195,
    "max": 1.0146044612632386
  },
  "mean_ofi_pre": 0.08324596546099435,
  "mean_ofi_drop": -2.8592127488487176,
  "mean_wealth_by_phase": {
    "drop": 649107.9630305078,
    "post": 1138860.2431061156,
    "pre": 175066.99276761216,
    "recovery": 1203237.1815268258
  },
  "pct_insolvent_peak": 0.2,
  "wealth_concentration_drop": 0.7584112999211038,
  "columns": [
    "run_id",
    "event_id",
    "tick_ms",
    "phase",
    "close",
    "mid_price",
    "ofi",
    "spread_bps",
    "depth_imbalance",
    "trade_intensity",
    "realized_vol_50",
    "leverage_proxy",
    "kyle_lambda",
    "vpin",
    "flash_crash_flag",
    "mean_wealth_t",
    "pct_insolvent",
    "wealth_concentration"
  ]
}