{
  "scenario": "uniform",
  "config_json": "config/phase2_uniform_config.json",
  "calibration_phase": "pre",
  "n_runs": 25,
  "n_rows": 288750,
  "tick_ms": 100,
  "crash_window_ticks": 10,
  "crash_threshold_pct": 1.93,
  "min_price_fraction": 0.5,
  "flash_crash_rate": 0.0,
  "run_max_drawdown_pct": {
    "mean": 0.6353730439660251,
    "p50": 0.5312239163399666,
    "p90": 1.2292055633107482,
    "p95": 1.4034310901924598,
    "p99": 1.4380042528648074,
    "max": 1.4476764903607668
  },
  "mean_ofi_pre": 0.12647624726339876,
  "mean_ofi_drop": -2.951557121436703,
  "mean_wealth_by_phase": {
    "drop": 529804.0174719187,
    "post": 739387.0701789921,
    "pre": 175129.21071430924,
    "recovery": 778574.7859665817
  },
  "pct_insolvent_peak": 0.2,
  "wealth_concentration_drop": 0.7290548517929534,
  "columns": [
    "run_id",
    "event_id",
    "tick_ms",
    "phase",
    "close",
    "mid_price",
    "ofi",
    "spread_bps",
    "depth_imbalance",
    "trade_intensity",
    "realized_vol_50",
    "leverage_proxy",
    "kyle_lambda",
    "vpin",
    "flash_crash_flag",
    "mean_wealth_t",
    "pct_insolvent",
    "wealth_concentration"
  ]
}