{
  "scenario": "uniform",
  "config_json": "config/phase2_uniform_config.json",
  "calibration_phase": "pre",
  "n_runs": 25,
  "n_rows": 285550,
  "tick_ms": 100,
  "crash_window_ticks": 10,
  "crash_threshold_pct": 1.93,
  "min_price_fraction": 0.5,
  "flash_crash_rate": 0.0,
  "run_max_drawdown_pct": {
    "mean": 0.6704471578775189,
    "p50": 0.4370869056646358,
    "p90": 1.4136879787133378,
    "p95": 1.564505566676603,
    "p99": 1.7906701437149644,
    "max": 1.8508914451466265
  },
  "mean_ofi_pre": 0.12327365599261986,
  "mean_ofi_drop": -2.9061148106110886,
  "mean_wealth_by_phase": {
    "drop": 535037.5470974885,
    "post": 846275.1556903124,
    "pre": 175137.11072916843,
    "recovery": 853051.3478827798
  },
  "pct_insolvent_peak": 0.2,
  "wealth_concentration_drop": 0.7581647834269745,
  "columns": [
    "run_id",
    "event_id",
    "tick_ms",
    "phase",
    "close",
    "mid_price",
    "ofi",
    "spread_bps",
    "depth_imbalance",
    "trade_intensity",
    "realized_vol_50",
    "leverage_proxy",
    "kyle_lambda",
    "vpin",
    "flash_crash_flag",
    "mean_wealth_t",
    "pct_insolvent",
    "wealth_concentration"
  ]
}