{
  "scenario": "uniform",
  "config_json": "config/phase2_uniform_config.json",
  "calibration_phase": "pre",
  "n_runs": 25,
  "n_rows": 293750,
  "tick_ms": 100,
  "crash_window_ticks": 10,
  "crash_threshold_pct": 1.93,
  "min_price_fraction": 0.5,
  "flash_crash_rate": 0.0,
  "run_max_drawdown_pct": {
    "mean": 0.7142078623079019,
    "p50": 0.580144576780169,
    "p90": 1.0419415531507652,
    "p95": 1.5080199434692938,
    "p99": 1.8036431503374073,
    "max": 1.8611334374927468
  },
  "mean_ofi_pre": 0.13720079295803153,
  "mean_ofi_drop": -2.937874773873169,
  "mean_wealth_by_phase": {
    "drop": 484895.47793568927,
    "post": 762342.3569001978,
    "pre": 175144.3515261353,
    "recovery": 812933.029681501
  },
  "pct_insolvent_peak": 0.2,
  "wealth_concentration_drop": 0.7278872737606807,
  "columns": [
    "run_id",
    "event_id",
    "tick_ms",
    "phase",
    "close",
    "mid_price",
    "ofi",
    "spread_bps",
    "depth_imbalance",
    "trade_intensity",
    "realized_vol_50",
    "leverage_proxy",
    "kyle_lambda",
    "vpin",
    "flash_crash_flag",
    "mean_wealth_t",
    "pct_insolvent",
    "wealth_concentration"
  ]
}