{
  "scenario": "uniform",
  "config_json": "config/phase2_uniform_config.json",
  "calibration_phase": "pre",
  "n_runs": 25,
  "n_rows": 290950,
  "tick_ms": 100,
  "crash_window_ticks": 10,
  "crash_threshold_pct": 1.93,
  "min_price_fraction": 0.5,
  "flash_crash_rate": 0.0,
  "run_max_drawdown_pct": {
    "mean": 0.5113074099975032,
    "p50": 0.4024996255489489,
    "p90": 0.8934152624186235,
    "p95": 0.9866788130561287,
    "p99": 1.5036549771752097,
    "max": 1.66473572813518
  },
  "mean_ofi_pre": 0.09956151602715198,
  "mean_ofi_drop": -2.888070915298612,
  "mean_wealth_by_phase": {
    "drop": 608109.4389011881,
    "post": 1013534.3671925755,
    "pre": 175094.95250604022,
    "recovery": 1058433.8889575778
  },
  "pct_insolvent_peak": 0.2,
  "wealth_concentration_drop": 0.7545574677236944,
  "columns": [
    "run_id",
    "event_id",
    "tick_ms",
    "phase",
    "close",
    "mid_price",
    "ofi",
    "spread_bps",
    "depth_imbalance",
    "trade_intensity",
    "realized_vol_50",
    "leverage_proxy",
    "kyle_lambda",
    "vpin",
    "flash_crash_flag",
    "mean_wealth_t",
    "pct_insolvent",
    "wealth_concentration"
  ]
}