{
  "n_returns": 2408886,
  "mean": 9.321158570824319e-07,
  "std": 0.0009227327544885812,
  "skewness": -0.19125792804279945,
  "excess_kurtosis": 96.66022878373954,
  "return_acf": [
    -0.0032522448615714674,
    -0.02149146548725744,
    -0.010746238429942892,
    -0.006061229012184351,
    -0.0010394400211786638,
    -0.006314174579577613,
    -0.007403627680062509,
    -0.007483531527662115,
    -0.007553285338015218,
    0.009497484951677316
  ],
  "abs_return_acf": [
    0.4084489571973209,
    0.3687300281583524,
    0.3417764756785386,
    0.3275872386356438,
    0.3244428690703198,
    0.3115174135323379,
    0.3034460653449669,
    0.299913555373028,
    0.297780358714101,
    0.29796767541955493
  ],
  "squared_return_acf": [
    0.3258715274752649,
    0.23701441553538474,
    0.1459992517312435,
    0.10768599889450489,
    0.106874467942909,
    0.09558691488827802,
    0.08709117151654876,
    0.080388704808776,
    0.07677780411006747,
    0.07298794295398883
  ],
  "hurst_exponent": 0.5456897745780441,
  "fact_fat_tails": true,
  "fact_vol_clustering": true,
  "fact_no_return_autocorr": true
}