{
  "scenario": "llm",
  "calibration_phase": "pre",
  "n_runs": 5,
  "n_rows": 58750,
  "tick_ms": 100,
  "crash_window_ticks": 10,
  "crash_threshold_pct": 1.93,
  "min_price_fraction": 0.6,
  "flash_crash_rate": 0.0,
  "run_max_drawdown_pct": {
    "mean": 0.3735698642575677,
    "p50": 0.34582117443963695,
    "p90": 0.48705847293849014,
    "p95": 0.49653208649821307,
    "p99": 0.5041109773459914,
    "max": 0.506005700057936
  },
  "mean_ofi_pre": 0.1021683467336386,
  "mean_ofi_drop": -5.576784267649681,
  "mean_wealth_by_phase": {
    "drop": 669642.3687132632,
    "post": 871798.7447349579,
    "pre": 175222.0776715311,
    "recovery": 1287111.3260959978
  },
  "pct_insolvent_peak": 0.2,
  "wealth_concentration_drop": 0.9244533192661781,
  "columns": [
    "run_id",
    "event_id",
    "tick_ms",
    "phase",
    "close",
    "mid_price",
    "ofi",
    "spread_bps",
    "depth_imbalance",
    "trade_intensity",
    "realized_vol_50",
    "leverage_proxy",
    "kyle_lambda",
    "vpin",
    "flash_crash_flag",
    "mean_wealth_t",
    "pct_insolvent",
    "wealth_concentration"
  ]
}