{
  "scenario": "llm",
  "calibration_phase": "pre",
  "n_runs": 5,
  "n_rows": 53950,
  "tick_ms": 100,
  "crash_window_ticks": 10,
  "crash_threshold_pct": 1.93,
  "min_price_fraction": 0.6,
  "flash_crash_rate": 0.0,
  "run_max_drawdown_pct": {
    "mean": 0.5106290026418073,
    "p50": 0.46563653526466325,
    "p90": 0.8234571950144294,
    "p95": 0.9427043231612483,
    "p99": 1.0381020256787037,
    "max": 1.0619514513080675
  },
  "mean_ofi_pre": 0.13778046945924682,
  "mean_ofi_drop": -5.504122289233979,
  "mean_wealth_by_phase": {
    "drop": 612856.4773001729,
    "post": 893023.7983822661,
    "pre": 175361.20002772385,
    "recovery": 1076569.238247035
  },
  "pct_insolvent_peak": 0.2,
  "wealth_concentration_drop": 0.9352555933015465,
  "columns": [
    "run_id",
    "event_id",
    "tick_ms",
    "phase",
    "close",
    "mid_price",
    "ofi",
    "spread_bps",
    "depth_imbalance",
    "trade_intensity",
    "realized_vol_50",
    "leverage_proxy",
    "kyle_lambda",
    "vpin",
    "flash_crash_flag",
    "mean_wealth_t",
    "pct_insolvent",
    "wealth_concentration"
  ]
}