{
  "scenario": "llm",
  "calibration_phase": "pre",
  "n_runs": 5,
  "n_rows": 58750,
  "tick_ms": 100,
  "crash_window_ticks": 10,
  "crash_threshold_pct": 1.93,
  "min_price_fraction": 0.6,
  "flash_crash_rate": 0.0,
  "run_max_drawdown_pct": {
    "mean": 0.6120942525812924,
    "p50": 0.31700791681725354,
    "p90": 1.1181774605825867,
    "p95": 1.1420547278305986,
    "p99": 1.1611565416290082,
    "max": 1.1659319950786107
  },
  "mean_ofi_pre": 0.14889857211623786,
  "mean_ofi_drop": -5.280410384967164,
  "mean_wealth_by_phase": {
    "drop": 577092.8158256434,
    "post": 810171.5482208567,
    "pre": 175465.46745224498,
    "recovery": 1117388.1384285816
  },
  "pct_insolvent_peak": 0.2,
  "wealth_concentration_drop": 0.9573536767251296,
  "columns": [
    "run_id",
    "event_id",
    "tick_ms",
    "phase",
    "close",
    "mid_price",
    "ofi",
    "spread_bps",
    "depth_imbalance",
    "trade_intensity",
    "realized_vol_50",
    "leverage_proxy",
    "kyle_lambda",
    "vpin",
    "flash_crash_flag",
    "mean_wealth_t",
    "pct_insolvent",
    "wealth_concentration"
  ]
}