{
  "scenario": "llm",
  "calibration_phase": "pre",
  "n_runs": 5,
  "n_rows": 58750,
  "tick_ms": 100,
  "crash_window_ticks": 10,
  "crash_threshold_pct": 1.93,
  "min_price_fraction": 0.6,
  "flash_crash_rate": 0.0,
  "run_max_drawdown_pct": {
    "mean": 0.3916769948738392,
    "p50": 0.3960438372153203,
    "p90": 0.5466666212472989,
    "p95": 0.5813586064512347,
    "p99": 0.6091121946143835,
    "max": 0.6160505916551706
  },
  "mean_ofi_pre": 0.09143949645724835,
  "mean_ofi_drop": -5.580753145635647,
  "mean_wealth_by_phase": {
    "drop": 671201.0778800009,
    "post": 832300.6229705596,
    "pre": 175148.13236101446,
    "recovery": 1246000.4580556273
  },
  "pct_insolvent_peak": 0.2,
  "wealth_concentration_drop": 0.9269740725751107,
  "columns": [
    "run_id",
    "event_id",
    "tick_ms",
    "phase",
    "close",
    "mid_price",
    "ofi",
    "spread_bps",
    "depth_imbalance",
    "trade_intensity",
    "realized_vol_50",
    "leverage_proxy",
    "kyle_lambda",
    "vpin",
    "flash_crash_flag",
    "mean_wealth_t",
    "pct_insolvent",
    "wealth_concentration"
  ]
}