{
  "scenario": "llm",
  "calibration_phase": "pre",
  "n_runs": 5,
  "n_rows": 58750,
  "tick_ms": 100,
  "crash_window_ticks": 10,
  "crash_threshold_pct": 1.93,
  "min_price_fraction": 0.6,
  "flash_crash_rate": 0.2,
  "run_max_drawdown_pct": {
    "mean": 0.6728989224887761,
    "p50": 0.3375370060037748,
    "p90": 1.4288497253056232,
    "p95": 1.7413322926613042,
    "p99": 1.9913183465458493,
    "max": 2.0538148600169857
  },
  "mean_ofi_pre": 0.15905607834230087,
  "mean_ofi_drop": -5.400059633656216,
  "mean_wealth_by_phase": {
    "drop": 609388.8048372288,
    "post": 799320.4472044471,
    "pre": 175596.68092193286,
    "recovery": 1190946.977051311
  },
  "pct_insolvent_peak": 0.2,
  "wealth_concentration_drop": 0.94664026097871,
  "columns": [
    "run_id",
    "event_id",
    "tick_ms",
    "phase",
    "close",
    "mid_price",
    "ofi",
    "spread_bps",
    "depth_imbalance",
    "trade_intensity",
    "realized_vol_50",
    "leverage_proxy",
    "kyle_lambda",
    "vpin",
    "flash_crash_flag",
    "mean_wealth_t",
    "pct_insolvent",
    "wealth_concentration"
  ]
}