{
  "scenario": "llm",
  "calibration_phase": "pre",
  "n_runs": 5,
  "n_rows": 58750,
  "tick_ms": 100,
  "crash_window_ticks": 10,
  "crash_threshold_pct": 1.93,
  "min_price_fraction": 0.6,
  "flash_crash_rate": 0.2,
  "run_max_drawdown_pct": {
    "mean": 0.7957950545431309,
    "p50": 0.3313368198323891,
    "p90": 1.6731371802480783,
    "p95": 1.8766798644489509,
    "p99": 2.0395140118096493,
    "max": 2.080222548649824
  },
  "mean_ofi_pre": 0.20988891251554873,
  "mean_ofi_drop": -5.128322851144551,
  "mean_wealth_by_phase": {
    "drop": 548037.8477866777,
    "post": 799089.1617010998,
    "pre": 175874.60149579216,
    "recovery": 1088911.5768557233
  },
  "pct_insolvent_peak": 0.2,
  "wealth_concentration_drop": 0.9775534847113829,
  "columns": [
    "run_id",
    "event_id",
    "tick_ms",
    "phase",
    "close",
    "mid_price",
    "ofi",
    "spread_bps",
    "depth_imbalance",
    "trade_intensity",
    "realized_vol_50",
    "leverage_proxy",
    "kyle_lambda",
    "vpin",
    "flash_crash_flag",
    "mean_wealth_t",
    "pct_insolvent",
    "wealth_concentration"
  ]
}