{
  "scenario": "llm",
  "calibration_phase": "pre",
  "n_runs": 5,
  "n_rows": 58750,
  "tick_ms": 100,
  "crash_window_ticks": 10,
  "crash_threshold_pct": 1.93,
  "min_price_fraction": 0.6,
  "flash_crash_rate": 0.0,
  "run_max_drawdown_pct": {
    "mean": 0.3183674148407166,
    "p50": 0.2711694305605415,
    "p90": 0.5085095947571102,
    "p95": 0.5513470141293392,
    "p99": 0.5856169496271224,
    "max": 0.5941844335015682
  },
  "mean_ofi_pre": 0.07271566772515901,
  "mean_ofi_drop": -5.4183757996143385,
  "mean_wealth_by_phase": {
    "drop": 678624.7102917028,
    "post": 913839.0320529629,
    "pre": 175155.85783719446,
    "recovery": 1331069.2970458507
  },
  "pct_insolvent_peak": 0.2,
  "wealth_concentration_drop": 0.9391254570284225,
  "columns": [
    "run_id",
    "event_id",
    "tick_ms",
    "phase",
    "close",
    "mid_price",
    "ofi",
    "spread_bps",
    "depth_imbalance",
    "trade_intensity",
    "realized_vol_50",
    "leverage_proxy",
    "kyle_lambda",
    "vpin",
    "flash_crash_flag",
    "mean_wealth_t",
    "pct_insolvent",
    "wealth_concentration"
  ]
}