{
  "scenario": "llm",
  "calibration_phase": "pre",
  "n_runs": 5,
  "n_rows": 58750,
  "tick_ms": 100,
  "crash_window_ticks": 10,
  "crash_threshold_pct": 1.93,
  "min_price_fraction": 0.6,
  "flash_crash_rate": 0.0,
  "run_max_drawdown_pct": {
    "mean": 0.5374902808742243,
    "p50": 0.3856248070827817,
    "p90": 0.9043972466004353,
    "p95": 0.9330044146067603,
    "p99": 0.9558901490118203,
    "max": 0.9616115826130853
  },
  "mean_ofi_pre": 0.1276200208192994,
  "mean_ofi_drop": -5.430201555287936,
  "mean_wealth_by_phase": {
    "drop": 588111.9661257702,
    "post": 786419.31226053,
    "pre": 175330.6618569855,
    "recovery": 1057752.0176910763
  },
  "pct_insolvent_peak": 0.2,
  "wealth_concentration_drop": 0.9464212920146555,
  "columns": [
    "run_id",
    "event_id",
    "tick_ms",
    "phase",
    "close",
    "mid_price",
    "ofi",
    "spread_bps",
    "depth_imbalance",
    "trade_intensity",
    "realized_vol_50",
    "leverage_proxy",
    "kyle_lambda",
    "vpin",
    "flash_crash_flag",
    "mean_wealth_t",
    "pct_insolvent",
    "wealth_concentration"
  ]
}