{
  "scenario": "llm",
  "calibration_phase": "pre",
  "n_runs": 5,
  "n_rows": 58750,
  "tick_ms": 100,
  "crash_window_ticks": 10,
  "crash_threshold_pct": 1.93,
  "min_price_fraction": 0.6,
  "flash_crash_rate": 0.0,
  "run_max_drawdown_pct": {
    "mean": 0.5503095458530858,
    "p50": 0.23978898396040021,
    "p90": 1.2376290153327485,
    "p95": 1.5422803944436534,
    "p99": 1.786001497732378,
    "max": 1.846931773554559
  },
  "mean_ofi_pre": 0.13452022857263443,
  "mean_ofi_drop": -5.303249410439003,
  "mean_wealth_by_phase": {
    "drop": 618727.765049222,
    "post": 901187.57306881,
    "pre": 175550.48662397536,
    "recovery": 1284957.9587718577
  },
  "pct_insolvent_peak": 0.2,
  "wealth_concentration_drop": 0.9569835584157617,
  "columns": [
    "run_id",
    "event_id",
    "tick_ms",
    "phase",
    "close",
    "mid_price",
    "ofi",
    "spread_bps",
    "depth_imbalance",
    "trade_intensity",
    "realized_vol_50",
    "leverage_proxy",
    "kyle_lambda",
    "vpin",
    "flash_crash_flag",
    "mean_wealth_t",
    "pct_insolvent",
    "wealth_concentration"
  ]
}