{
  "scenario": "llm",
  "calibration_phase": "pre",
  "n_runs": 5,
  "n_rows": 58750,
  "tick_ms": 100,
  "crash_window_ticks": 10,
  "crash_threshold_pct": 1.93,
  "min_price_fraction": 0.6,
  "flash_crash_rate": 0.0,
  "run_max_drawdown_pct": {
    "mean": 0.32383285956659846,
    "p50": 0.29046716725689525,
    "p90": 0.4360575926740135,
    "p95": 0.46518571684649795,
    "p99": 0.4884882161844856,
    "max": 0.4943138410189825
  },
  "mean_ofi_pre": 0.07992281475038394,
  "mean_ofi_drop": -5.530718102647965,
  "mean_wealth_by_phase": {
    "drop": 690476.0575328866,
    "post": 934689.8002570269,
    "pre": 175127.33629999714,
    "recovery": 1396578.2238703566
  },
  "pct_insolvent_peak": 0.2,
  "wealth_concentration_drop": 0.9259451894159915,
  "columns": [
    "run_id",
    "event_id",
    "tick_ms",
    "phase",
    "close",
    "mid_price",
    "ofi",
    "spread_bps",
    "depth_imbalance",
    "trade_intensity",
    "realized_vol_50",
    "leverage_proxy",
    "kyle_lambda",
    "vpin",
    "flash_crash_flag",
    "mean_wealth_t",
    "pct_insolvent",
    "wealth_concentration"
  ]
}