{
  "scenario": "llm",
  "calibration_phase": "pre",
  "n_runs": 5,
  "n_rows": 58750,
  "tick_ms": 100,
  "crash_window_ticks": 10,
  "crash_threshold_pct": 1.93,
  "min_price_fraction": 0.6,
  "flash_crash_rate": 0.0,
  "run_max_drawdown_pct": {
    "mean": 0.35647262925253664,
    "p50": 0.38506795417301615,
    "p90": 0.41350719172363115,
    "p95": 0.42198601511542166,
    "p99": 0.4287690738288541,
    "max": 0.43046483850721223
  },
  "mean_ofi_pre": 0.06864218775795941,
  "mean_ofi_drop": -5.560862896476237,
  "mean_wealth_by_phase": {
    "drop": 700325.2143265973,
    "post": 936271.2330396684,
    "pre": 175110.33609357616,
    "recovery": 1437239.924464472
  },
  "pct_insolvent_peak": 0.2,
  "wealth_concentration_drop": 0.925019589006604,
  "columns": [
    "run_id",
    "event_id",
    "tick_ms",
    "phase",
    "close",
    "mid_price",
    "ofi",
    "spread_bps",
    "depth_imbalance",
    "trade_intensity",
    "realized_vol_50",
    "leverage_proxy",
    "kyle_lambda",
    "vpin",
    "flash_crash_flag",
    "mean_wealth_t",
    "pct_insolvent",
    "wealth_concentration"
  ]
}