{
  "scenario": "llm",
  "calibration_phase": "pre",
  "n_runs": 5,
  "n_rows": 56550,
  "tick_ms": 100,
  "crash_window_ticks": 10,
  "crash_threshold_pct": 1.93,
  "min_price_fraction": 0.6,
  "flash_crash_rate": 0.0,
  "run_max_drawdown_pct": {
    "mean": 0.549271017929865,
    "p50": 0.5889208391545031,
    "p90": 0.8380457127893508,
    "p95": 0.9096504764636303,
    "p99": 0.966934287403054,
    "max": 0.9812552401379099
  },
  "mean_ofi_pre": 0.15081224215612243,
  "mean_ofi_drop": -5.438937422837344,
  "mean_wealth_by_phase": {
    "drop": 582769.8391104531,
    "post": 934621.4814579071,
    "pre": 175455.57542196376,
    "recovery": 992086.3160820662
  },
  "pct_insolvent_peak": 0.2,
  "wealth_concentration_drop": 0.931861069813379,
  "columns": [
    "run_id",
    "event_id",
    "tick_ms",
    "phase",
    "close",
    "mid_price",
    "ofi",
    "spread_bps",
    "depth_imbalance",
    "trade_intensity",
    "realized_vol_50",
    "leverage_proxy",
    "kyle_lambda",
    "vpin",
    "flash_crash_flag",
    "mean_wealth_t",
    "pct_insolvent",
    "wealth_concentration"
  ]
}