{
  "scenario": "llm",
  "calibration_phase": "pre",
  "n_runs": 5,
  "n_rows": 58750,
  "tick_ms": 100,
  "crash_window_ticks": 10,
  "crash_threshold_pct": 1.93,
  "min_price_fraction": 0.6,
  "flash_crash_rate": 0.0,
  "run_max_drawdown_pct": {
    "mean": 0.430935218429909,
    "p50": 0.32528060864289654,
    "p90": 0.6606421654971875,
    "p95": 0.7521069674265418,
    "p99": 0.8252788089700255,
    "max": 0.8435717693558964
  },
  "mean_ofi_pre": 0.11734957387336456,
  "mean_ofi_drop": -5.525680217227462,
  "mean_wealth_by_phase": {
    "drop": 659365.1277577005,
    "post": 967612.089473002,
    "pre": 175229.03339745404,
    "recovery": 1356673.0385096888
  },
  "pct_insolvent_peak": 0.2,
  "wealth_concentration_drop": 0.9207076897049113,
  "columns": [
    "run_id",
    "event_id",
    "tick_ms",
    "phase",
    "close",
    "mid_price",
    "ofi",
    "spread_bps",
    "depth_imbalance",
    "trade_intensity",
    "realized_vol_50",
    "leverage_proxy",
    "kyle_lambda",
    "vpin",
    "flash_crash_flag",
    "mean_wealth_t",
    "pct_insolvent",
    "wealth_concentration"
  ]
}