{
  "scenario": "llm",
  "calibration_phase": "pre",
  "n_runs": 5,
  "n_rows": 56350,
  "tick_ms": 100,
  "crash_window_ticks": 10,
  "crash_threshold_pct": 1.93,
  "min_price_fraction": 0.6,
  "flash_crash_rate": 0.0,
  "run_max_drawdown_pct": {
    "mean": 0.4317164954054881,
    "p50": 0.3701953692283156,
    "p90": 0.670035235246339,
    "p95": 0.7691121271537013,
    "p99": 0.8483736406795913,
    "max": 0.8681890190610638
  },
  "mean_ofi_pre": 0.09184129481294818,
  "mean_ofi_drop": -5.501201925232685,
  "mean_wealth_by_phase": {
    "drop": 658757.7257174859,
    "post": 963895.7700212498,
    "pre": 175213.99347453518,
    "recovery": 1243984.1090211316
  },
  "pct_insolvent_peak": 0.2,
  "wealth_concentration_drop": 0.9334694306262196,
  "columns": [
    "run_id",
    "event_id",
    "tick_ms",
    "phase",
    "close",
    "mid_price",
    "ofi",
    "spread_bps",
    "depth_imbalance",
    "trade_intensity",
    "realized_vol_50",
    "leverage_proxy",
    "kyle_lambda",
    "vpin",
    "flash_crash_flag",
    "mean_wealth_t",
    "pct_insolvent",
    "wealth_concentration"
  ]
}