{
  "scenario": "llm",
  "calibration_phase": "pre",
  "n_runs": 5,
  "n_rows": 57350,
  "tick_ms": 100,
  "crash_window_ticks": 10,
  "crash_threshold_pct": 1.93,
  "min_price_fraction": 0.6,
  "flash_crash_rate": 0.0,
  "run_max_drawdown_pct": {
    "mean": 0.5987912321072357,
    "p50": 0.33806216633532565,
    "p90": 1.1339140664643197,
    "p95": 1.1684985503647203,
    "p99": 1.196166137485041,
    "max": 1.203083034265121
  },
  "mean_ofi_pre": 0.15379327503621537,
  "mean_ofi_drop": -5.301438761327475,
  "mean_wealth_by_phase": {
    "drop": 574309.6640702758,
    "post": 864893.5275626337,
    "pre": 175475.0124401173,
    "recovery": 1072099.0273466362
  },
  "pct_insolvent_peak": 0.2,
  "wealth_concentration_drop": 0.9441395688754374,
  "columns": [
    "run_id",
    "event_id",
    "tick_ms",
    "phase",
    "close",
    "mid_price",
    "ofi",
    "spread_bps",
    "depth_imbalance",
    "trade_intensity",
    "realized_vol_50",
    "leverage_proxy",
    "kyle_lambda",
    "vpin",
    "flash_crash_flag",
    "mean_wealth_t",
    "pct_insolvent",
    "wealth_concentration"
  ]
}