{
  "scenario": "llm",
  "calibration_phase": "pre",
  "n_runs": 5,
  "n_rows": 58750,
  "tick_ms": 100,
  "crash_window_ticks": 10,
  "crash_threshold_pct": 1.93,
  "min_price_fraction": 0.6,
  "flash_crash_rate": 0.0,
  "run_max_drawdown_pct": {
    "mean": 0.47239548878330223,
    "p50": 0.28984703791745847,
    "p90": 0.9147693548411913,
    "p95": 1.065155419918392,
    "p99": 1.1854642719801527,
    "max": 1.2155414849955928
  },
  "mean_ofi_pre": 0.10748590366379525,
  "mean_ofi_drop": -5.395760076262837,
  "mean_wealth_by_phase": {
    "drop": 624291.0727759725,
    "post": 850516.9308342428,
    "pre": 175313.17860687815,
    "recovery": 1226412.5383877237
  },
  "pct_insolvent_peak": 0.2,
  "wealth_concentration_drop": 0.9376072854884429,
  "columns": [
    "run_id",
    "event_id",
    "tick_ms",
    "phase",
    "close",
    "mid_price",
    "ofi",
    "spread_bps",
    "depth_imbalance",
    "trade_intensity",
    "realized_vol_50",
    "leverage_proxy",
    "kyle_lambda",
    "vpin",
    "flash_crash_flag",
    "mean_wealth_t",
    "pct_insolvent",
    "wealth_concentration"
  ]
}