{
  "scenario": "llm",
  "calibration_phase": "pre",
  "n_runs": 5,
  "n_rows": 56550,
  "tick_ms": 100,
  "crash_window_ticks": 10,
  "crash_threshold_pct": 1.93,
  "min_price_fraction": 0.6,
  "flash_crash_rate": 0.0,
  "run_max_drawdown_pct": {
    "mean": 0.5225719025162074,
    "p50": 0.48652089563123724,
    "p90": 0.7983682863121846,
    "p95": 0.8869531338754097,
    "p99": 0.95782101192599,
    "max": 0.9755379814386351
  },
  "mean_ofi_pre": 0.15365847687796433,
  "mean_ofi_drop": -5.446800285302668,
  "mean_wealth_by_phase": {
    "drop": 604377.1330119069,
    "post": 808262.958994313,
    "pre": 175349.35284158008,
    "recovery": 992539.1959804558
  },
  "pct_insolvent_peak": 0.2,
  "wealth_concentration_drop": 0.9399725799872968,
  "columns": [
    "run_id",
    "event_id",
    "tick_ms",
    "phase",
    "close",
    "mid_price",
    "ofi",
    "spread_bps",
    "depth_imbalance",
    "trade_intensity",
    "realized_vol_50",
    "leverage_proxy",
    "kyle_lambda",
    "vpin",
    "flash_crash_flag",
    "mean_wealth_t",
    "pct_insolvent",
    "wealth_concentration"
  ]
}