{
  "scenario": "llm",
  "calibration_phase": "pre",
  "n_runs": 5,
  "n_rows": 56350,
  "tick_ms": 100,
  "crash_window_ticks": 10,
  "crash_threshold_pct": 1.93,
  "min_price_fraction": 0.6,
  "flash_crash_rate": 0.0,
  "run_max_drawdown_pct": {
    "mean": 0.6903596570040531,
    "p50": 0.5764543775407929,
    "p90": 1.1868889317118723,
    "p95": 1.2668255022995902,
    "p99": 1.3307747587697647,
    "max": 1.3467620728873082
  },
  "mean_ofi_pre": 0.1857073034930982,
  "mean_ofi_drop": -5.334496328112498,
  "mean_wealth_by_phase": {
    "drop": 545082.336677915,
    "post": 791316.8077692629,
    "pre": 175605.4909134364,
    "recovery": 877735.5568438722
  },
  "pct_insolvent_peak": 0.2,
  "wealth_concentration_drop": 0.9603958139557631,
  "columns": [
    "run_id",
    "event_id",
    "tick_ms",
    "phase",
    "close",
    "mid_price",
    "ofi",
    "spread_bps",
    "depth_imbalance",
    "trade_intensity",
    "realized_vol_50",
    "leverage_proxy",
    "kyle_lambda",
    "vpin",
    "flash_crash_flag",
    "mean_wealth_t",
    "pct_insolvent",
    "wealth_concentration"
  ]
}