{
  "scenario": "llm",
  "calibration_phase": "pre",
  "n_runs": 5,
  "n_rows": 58750,
  "tick_ms": 100,
  "crash_window_ticks": 10,
  "crash_threshold_pct": 1.93,
  "min_price_fraction": 0.6,
  "flash_crash_rate": 0.0,
  "run_max_drawdown_pct": {
    "mean": 0.419818502386428,
    "p50": 0.45236180590952746,
    "p90": 0.5806260433504207,
    "p95": 0.5846511044722423,
    "p99": 0.5878711533696996,
    "max": 0.588676165594064
  },
  "mean_ofi_pre": 0.11300416492834482,
  "mean_ofi_drop": -5.571795481986546,
  "mean_wealth_by_phase": {
    "drop": 649935.2159149298,
    "post": 771097.7718527067,
    "pre": 175225.55518386365,
    "recovery": 1174887.1728404143
  },
  "pct_insolvent_peak": 0.2,
  "wealth_concentration_drop": 0.9242838611880773,
  "columns": [
    "run_id",
    "event_id",
    "tick_ms",
    "phase",
    "close",
    "mid_price",
    "ofi",
    "spread_bps",
    "depth_imbalance",
    "trade_intensity",
    "realized_vol_50",
    "leverage_proxy",
    "kyle_lambda",
    "vpin",
    "flash_crash_flag",
    "mean_wealth_t",
    "pct_insolvent",
    "wealth_concentration"
  ]
}