{
  "scenario": "llm",
  "calibration_phase": "pre",
  "n_runs": 5,
  "n_rows": 58750,
  "tick_ms": 100,
  "crash_window_ticks": 10,
  "crash_threshold_pct": 1.93,
  "min_price_fraction": 0.6,
  "flash_crash_rate": 0.2,
  "run_max_drawdown_pct": {
    "mean": 0.6561123941612297,
    "p50": 0.371935733726606,
    "p90": 1.4050912873733221,
    "p95": 1.6972230716216186,
    "p99": 1.930928499020256,
    "max": 1.9893548558699155
  },
  "mean_ofi_pre": 0.15867235782741576,
  "mean_ofi_drop": -5.1753750693035725,
  "mean_wealth_by_phase": {
    "drop": 597924.5451335113,
    "post": 761813.9398527518,
    "pre": 175664.56109016633,
    "recovery": 1125360.0696385307
  },
  "pct_insolvent_peak": 0.2,
  "wealth_concentration_drop": 0.9700692102818868,
  "columns": [
    "run_id",
    "event_id",
    "tick_ms",
    "phase",
    "close",
    "mid_price",
    "ofi",
    "spread_bps",
    "depth_imbalance",
    "trade_intensity",
    "realized_vol_50",
    "leverage_proxy",
    "kyle_lambda",
    "vpin",
    "flash_crash_flag",
    "mean_wealth_t",
    "pct_insolvent",
    "wealth_concentration"
  ]
}