{
  "scenario": "llm",
  "calibration_phase": "pre",
  "n_runs": 5,
  "n_rows": 58750,
  "tick_ms": 100,
  "crash_window_ticks": 10,
  "crash_threshold_pct": 1.93,
  "min_price_fraction": 0.6,
  "flash_crash_rate": 0.0,
  "run_max_drawdown_pct": {
    "mean": 0.36340188775473564,
    "p50": 0.3251950710872736,
    "p90": 0.5382239112149276,
    "p95": 0.5729642023625673,
    "p99": 0.600756435280679,
    "max": 0.607704493510207
  },
  "mean_ofi_pre": 0.08336390168350502,
  "mean_ofi_drop": -5.550642380426941,
  "mean_wealth_by_phase": {
    "drop": 678384.9396119871,
    "post": 951750.0228249859,
    "pre": 175141.58451209604,
    "recovery": 1348263.133397362
  },
  "pct_insolvent_peak": 0.2,
  "wealth_concentration_drop": 0.9214974085735673,
  "columns": [
    "run_id",
    "event_id",
    "tick_ms",
    "phase",
    "close",
    "mid_price",
    "ofi",
    "spread_bps",
    "depth_imbalance",
    "trade_intensity",
    "realized_vol_50",
    "leverage_proxy",
    "kyle_lambda",
    "vpin",
    "flash_crash_flag",
    "mean_wealth_t",
    "pct_insolvent",
    "wealth_concentration"
  ]
}