{
  "cfg_label": "cfgC_dim350_dsp020_rdamp010",
  "input_dir": "data/processed/tardis/phase2_outputs/rescue_sweep_cfgC_dim350_dsp020_rdamp_v1/cfgC_dim350_dsp020_rdamp010/raw",
  "panel_file": "data/processed/tardis/phase2_outputs/rescue_sweep_cfgC_dim350_dsp020_rdamp_v1/cfgC_dim350_dsp020_rdamp010/censored_panel.csv",
  "guard_window": 5,
  "crash_window": 10,
  "min_price_fraction": 0.6,
  "n_shards": 4,
  "n_runs": 20,
  "raw_rows_total": 232200,
  "censored_rows_total": 172259,
  "crash_rate_raw": 0.05,
  "crash_rate_censored": 0.05,
  "avg_frac_at_min_censored": 0.0,
  "floor_exposure": 0.0,
  "usable_fraction_total_mean": 0.744931914893617,
  "usable_fraction_drop_mean": 0.8505899999999998,
  "drawdown_at_first_crash": {
    "mean": 7.167262859396247,
    "p50": 7.167262859396247,
    "p95": 7.167262859396247
  },
  "ofi_first_crash": {
    "mean": -4.598209227868881,
    "p50": -4.598209227868881,
    "p95": -4.598209227868881
  },
  "ofi_crash_window": {
    "mean": -5.851374748008732,
    "p50": -5.851374748008732,
    "p95": -5.851374748008732
  },
  "spread_crash_window": {
    "mean": 3.38362804,
    "p50": 3.38362804,
    "p95": 3.38362804
  },
  "spread_pre": {
    "mean": 5.819488109999999,
    "p50": 5.819488109999999,
    "p95": 5.819488109999999
  },
  "depth_crash_window": {
    "mean": -0.22945290042318495,
    "p50": -0.22945290042318495,
    "p95": -0.22945290042318495
  },
  "depth_pre": {
    "mean": 0.020450284341549895,
    "p50": 0.020450284341549895,
    "p95": 0.020450284341549895
  },
  "per_run_metrics_csv": "data/processed/tardis/phase2_outputs/rescue_sweep_cfgC_dim350_dsp020_rdamp_v1/cfgC_dim350_dsp020_rdamp010/analysis/censored/per_run_censored_metrics.csv",
  "per_shard_metrics_csv": "data/processed/tardis/phase2_outputs/rescue_sweep_cfgC_dim350_dsp020_rdamp_v1/cfgC_dim350_dsp020_rdamp010/analysis/censored/per_shard_censored_metrics.csv"
}