{
  "scenario": "literature",
  "config_json": "config/phase2_literature_config.json",
  "calibration_phase": "pre",
  "n_runs": 25,
  "n_rows": 293750,
  "tick_ms": 100,
  "crash_window_ticks": 10,
  "crash_threshold_pct": 1.93,
  "min_price_fraction": 0.5,
  "flash_crash_rate": 0.2,
  "run_max_drawdown_pct": {
    "mean": 1.2220649834597288,
    "p50": 0.8462994695216589,
    "p90": 3.187586494908545,
    "p95": 3.411620199500762,
    "p99": 3.763659156086915,
    "max": 3.8630250994456423
  },
  "mean_ofi_pre": 0.18271842251643425,
  "mean_ofi_drop": -2.848694111190477,
  "mean_wealth_by_phase": {
    "drop": 511611.47373323113,
    "post": 737867.1075146854,
    "pre": 175520.52918770438,
    "recovery": 790190.0384462446
  },
  "pct_insolvent_peak": 0.5,
  "wealth_concentration_drop": 0.8245511304226395,
  "columns": [
    "run_id",
    "event_id",
    "tick_ms",
    "phase",
    "close",
    "mid_price",
    "ofi",
    "spread_bps",
    "depth_imbalance",
    "trade_intensity",
    "realized_vol_50",
    "leverage_proxy",
    "kyle_lambda",
    "vpin",
    "flash_crash_flag",
    "mean_wealth_t",
    "pct_insolvent",
    "wealth_concentration"
  ]
}