{
  "scenario": "literature",
  "config_json": "config/phase2_literature_config.json",
  "calibration_phase": "pre",
  "n_runs": 25,
  "n_rows": 291350,
  "tick_ms": 100,
  "crash_window_ticks": 10,
  "crash_threshold_pct": 1.93,
  "min_price_fraction": 0.5,
  "flash_crash_rate": 0.16,
  "run_max_drawdown_pct": {
    "mean": 1.1598659604160715,
    "p50": 0.6179375656379678,
    "p90": 2.1103860298474895,
    "p95": 2.984756520587219,
    "p99": 3.8117625173810197,
    "max": 4.006713710021463
  },
  "mean_ofi_pre": 0.18299665746747568,
  "mean_ofi_drop": -2.817424400620377,
  "mean_wealth_by_phase": {
    "drop": 501766.6458870354,
    "post": 763151.1602832944,
    "pre": 175541.3431238954,
    "recovery": 825063.6507467317
  },
  "pct_insolvent_peak": 0.5,
  "wealth_concentration_drop": 0.8253621240784911,
  "columns": [
    "run_id",
    "event_id",
    "tick_ms",
    "phase",
    "close",
    "mid_price",
    "ofi",
    "spread_bps",
    "depth_imbalance",
    "trade_intensity",
    "realized_vol_50",
    "leverage_proxy",
    "kyle_lambda",
    "vpin",
    "flash_crash_flag",
    "mean_wealth_t",
    "pct_insolvent",
    "wealth_concentration"
  ]
}