{
  "scenario": "literature",
  "config_json": "config/phase2_literature_config.json",
  "calibration_phase": "pre",
  "n_runs": 25,
  "n_rows": 283950,
  "tick_ms": 100,
  "crash_window_ticks": 10,
  "crash_threshold_pct": 1.93,
  "min_price_fraction": 0.5,
  "flash_crash_rate": 0.04,
  "run_max_drawdown_pct": {
    "mean": 0.7316231417981471,
    "p50": 0.6375435479428082,
    "p90": 1.0176275089023592,
    "p95": 1.6180495419754222,
    "p99": 1.9434143935106807,
    "max": 1.9991195802456958
  },
  "mean_ofi_pre": 0.12675570727215127,
  "mean_ofi_drop": -2.8538930364608093,
  "mean_wealth_by_phase": {
    "drop": 572686.917806815,
    "post": 820025.231759759,
    "pre": 175288.05178824946,
    "recovery": 889185.6211955511
  },
  "pct_insolvent_peak": 0.49,
  "wealth_concentration_drop": 0.8243389565488684,
  "columns": [
    "run_id",
    "event_id",
    "tick_ms",
    "phase",
    "close",
    "mid_price",
    "ofi",
    "spread_bps",
    "depth_imbalance",
    "trade_intensity",
    "realized_vol_50",
    "leverage_proxy",
    "kyle_lambda",
    "vpin",
    "flash_crash_flag",
    "mean_wealth_t",
    "pct_insolvent",
    "wealth_concentration"
  ]
}