{
  "scenario": "literature",
  "config_json": "config/phase2_literature_config.json",
  "calibration_phase": "pre",
  "n_runs": 25,
  "n_rows": 288750,
  "tick_ms": 100,
  "crash_window_ticks": 10,
  "crash_threshold_pct": 1.93,
  "min_price_fraction": 0.5,
  "flash_crash_rate": 0.2,
  "run_max_drawdown_pct": {
    "mean": 1.1598427528788917,
    "p50": 0.8735552981949816,
    "p90": 1.981758518481329,
    "p95": 2.1113341514139714,
    "p99": 3.1081295067309327,
    "max": 3.4133390393200886
  },
  "mean_ofi_pre": 0.19624947038602686,
  "mean_ofi_drop": -2.9256826882294553,
  "mean_wealth_by_phase": {
    "drop": 474956.3214095846,
    "post": 637524.845851775,
    "pre": 175542.01724609965,
    "recovery": 663977.8554343141
  },
  "pct_insolvent_peak": 0.47,
  "wealth_concentration_drop": 0.7678596754157851,
  "columns": [
    "run_id",
    "event_id",
    "tick_ms",
    "phase",
    "close",
    "mid_price",
    "ofi",
    "spread_bps",
    "depth_imbalance",
    "trade_intensity",
    "realized_vol_50",
    "leverage_proxy",
    "kyle_lambda",
    "vpin",
    "flash_crash_flag",
    "mean_wealth_t",
    "pct_insolvent",
    "wealth_concentration"
  ]
}