{
  "scenario": "literature",
  "config_json": "config/phase2_literature_config.json",
  "calibration_phase": "pre",
  "n_runs": 25,
  "n_rows": 288950,
  "tick_ms": 100,
  "crash_window_ticks": 10,
  "crash_threshold_pct": 1.93,
  "min_price_fraction": 0.5,
  "flash_crash_rate": 0.2,
  "run_max_drawdown_pct": {
    "mean": 1.2262344906148586,
    "p50": 0.7521337715789815,
    "p90": 3.141322705469053,
    "p95": 3.3170995260718867,
    "p99": 3.691270987436996,
    "max": 3.804426796946788
  },
  "mean_ofi_pre": 0.18647938657247007,
  "mean_ofi_drop": -2.8632408253780506,
  "mean_wealth_by_phase": {
    "drop": 503173.19102260185,
    "post": 668772.9500379913,
    "pre": 175537.8169419334,
    "recovery": 713486.9823666397
  },
  "pct_insolvent_peak": 0.46,
  "wealth_concentration_drop": 0.8240089300443151,
  "columns": [
    "run_id",
    "event_id",
    "tick_ms",
    "phase",
    "close",
    "mid_price",
    "ofi",
    "spread_bps",
    "depth_imbalance",
    "trade_intensity",
    "realized_vol_50",
    "leverage_proxy",
    "kyle_lambda",
    "vpin",
    "flash_crash_flag",
    "mean_wealth_t",
    "pct_insolvent",
    "wealth_concentration"
  ]
}