{
  "scenario": "literature",
  "config_json": "config/phase2_literature_config.json",
  "calibration_phase": "pre",
  "n_runs": 25,
  "n_rows": 293750,
  "tick_ms": 100,
  "crash_window_ticks": 10,
  "crash_threshold_pct": 1.93,
  "min_price_fraction": 0.5,
  "flash_crash_rate": 0.16,
  "run_max_drawdown_pct": {
    "mean": 1.0457532663354143,
    "p50": 0.8276393606025642,
    "p90": 2.055587958194185,
    "p95": 2.6505700886088146,
    "p99": 3.1674752196824087,
    "max": 3.2855428859501155
  },
  "mean_ofi_pre": 0.1713012541395267,
  "mean_ofi_drop": -2.8554558031645723,
  "mean_wealth_by_phase": {
    "drop": 501714.54935853585,
    "post": 766845.8194466709,
    "pre": 175475.39490260015,
    "recovery": 807713.6219915703
  },
  "pct_insolvent_peak": 0.5,
  "wealth_concentration_drop": 0.7965597256611633,
  "columns": [
    "run_id",
    "event_id",
    "tick_ms",
    "phase",
    "close",
    "mid_price",
    "ofi",
    "spread_bps",
    "depth_imbalance",
    "trade_intensity",
    "realized_vol_50",
    "leverage_proxy",
    "kyle_lambda",
    "vpin",
    "flash_crash_flag",
    "mean_wealth_t",
    "pct_insolvent",
    "wealth_concentration"
  ]
}