{
  "scenario": "literature",
  "config_json": "config/phase2_literature_config.json",
  "calibration_phase": "pre",
  "n_runs": 25,
  "n_rows": 293750,
  "tick_ms": 100,
  "crash_window_ticks": 10,
  "crash_threshold_pct": 1.93,
  "min_price_fraction": 0.5,
  "flash_crash_rate": 0.16,
  "run_max_drawdown_pct": {
    "mean": 1.0735752471033448,
    "p50": 0.7070337490148082,
    "p90": 2.0023137966939286,
    "p95": 2.799363718431093,
    "p99": 3.428973285385165,
    "max": 3.567772025157786
  },
  "mean_ofi_pre": 0.17159188218661506,
  "mean_ofi_drop": -2.8322479600455797,
  "mean_wealth_by_phase": {
    "drop": 520063.72150004876,
    "post": 722908.986639969,
    "pre": 175488.44926962527,
    "recovery": 787631.233127797
  },
  "pct_insolvent_peak": 0.49,
  "wealth_concentration_drop": 0.830241939969279,
  "columns": [
    "run_id",
    "event_id",
    "tick_ms",
    "phase",
    "close",
    "mid_price",
    "ofi",
    "spread_bps",
    "depth_imbalance",
    "trade_intensity",
    "realized_vol_50",
    "leverage_proxy",
    "kyle_lambda",
    "vpin",
    "flash_crash_flag",
    "mean_wealth_t",
    "pct_insolvent",
    "wealth_concentration"
  ]
}