{
  "scenario": "literature",
  "config_json": "config/phase2_literature_config.json",
  "calibration_phase": "pre",
  "n_runs": 25,
  "n_rows": 292350,
  "tick_ms": 100,
  "crash_window_ticks": 10,
  "crash_threshold_pct": 1.93,
  "min_price_fraction": 0.5,
  "flash_crash_rate": 0.2,
  "run_max_drawdown_pct": {
    "mean": 1.132798134506502,
    "p50": 0.9114387172654176,
    "p90": 2.0407376750611883,
    "p95": 2.886965743402787,
    "p99": 3.2231636191815904,
    "max": 3.2656135890754547
  },
  "mean_ofi_pre": 0.1949441840819361,
  "mean_ofi_drop": -2.827123009607177,
  "mean_wealth_by_phase": {
    "drop": 498742.4571217102,
    "post": 757408.26724398,
    "pre": 175546.66064755057,
    "recovery": 794379.5155412579
  },
  "pct_insolvent_peak": 0.49,
  "wealth_concentration_drop": 0.8105328253072805,
  "columns": [
    "run_id",
    "event_id",
    "tick_ms",
    "phase",
    "close",
    "mid_price",
    "ofi",
    "spread_bps",
    "depth_imbalance",
    "trade_intensity",
    "realized_vol_50",
    "leverage_proxy",
    "kyle_lambda",
    "vpin",
    "flash_crash_flag",
    "mean_wealth_t",
    "pct_insolvent",
    "wealth_concentration"
  ]
}