{
  "scenario": "literature",
  "config_json": "config/phase2_literature_config.json",
  "calibration_phase": "pre",
  "n_runs": 25,
  "n_rows": 293750,
  "tick_ms": 100,
  "crash_window_ticks": 10,
  "crash_threshold_pct": 1.93,
  "min_price_fraction": 0.5,
  "flash_crash_rate": 0.0,
  "run_max_drawdown_pct": {
    "mean": 0.8289386051096328,
    "p50": 0.7542419367347957,
    "p90": 1.5400112831959498,
    "p95": 1.8456817422098002,
    "p99": 1.903411480177211,
    "max": 1.9139852187417365
  },
  "mean_ofi_pre": 0.15054204002462576,
  "mean_ofi_drop": -2.911448870527967,
  "mean_wealth_by_phase": {
    "drop": 547304.5446394344,
    "post": 714072.6673840131,
    "pre": 175368.49114724042,
    "recovery": 774919.1121512144
  },
  "pct_insolvent_peak": 0.47,
  "wealth_concentration_drop": 0.795338096962789,
  "columns": [
    "run_id",
    "event_id",
    "tick_ms",
    "phase",
    "close",
    "mid_price",
    "ofi",
    "spread_bps",
    "depth_imbalance",
    "trade_intensity",
    "realized_vol_50",
    "leverage_proxy",
    "kyle_lambda",
    "vpin",
    "flash_crash_flag",
    "mean_wealth_t",
    "pct_insolvent",
    "wealth_concentration"
  ]
}