{
  "scenario": "literature",
  "config_json": "config/phase2_literature_config.json",
  "calibration_phase": "pre",
  "n_runs": 25,
  "n_rows": 286750,
  "tick_ms": 100,
  "crash_window_ticks": 10,
  "crash_threshold_pct": 1.93,
  "min_price_fraction": 0.5,
  "flash_crash_rate": 0.08,
  "run_max_drawdown_pct": {
    "mean": 0.9425815580930968,
    "p50": 0.6316582693945378,
    "p90": 1.7496214205517553,
    "p95": 1.9717633766912308,
    "p99": 3.3392353873712524,
    "max": 3.7580936576118877
  },
  "mean_ofi_pre": 0.1509270922134549,
  "mean_ofi_drop": -2.848321666495724,
  "mean_wealth_by_phase": {
    "drop": 544417.6521997963,
    "post": 800087.4087943011,
    "pre": 175404.16022473358,
    "recovery": 851289.4937832543
  },
  "pct_insolvent_peak": 0.5,
  "wealth_concentration_drop": 0.818428214871475,
  "columns": [
    "run_id",
    "event_id",
    "tick_ms",
    "phase",
    "close",
    "mid_price",
    "ofi",
    "spread_bps",
    "depth_imbalance",
    "trade_intensity",
    "realized_vol_50",
    "leverage_proxy",
    "kyle_lambda",
    "vpin",
    "flash_crash_flag",
    "mean_wealth_t",
    "pct_insolvent",
    "wealth_concentration"
  ]
}