{
  "scenario": "literature",
  "config_json": "config/phase2_literature_config.json",
  "calibration_phase": "pre",
  "n_runs": 25,
  "n_rows": 287150,
  "tick_ms": 100,
  "crash_window_ticks": 10,
  "crash_threshold_pct": 1.93,
  "min_price_fraction": 0.5,
  "flash_crash_rate": 0.16,
  "run_max_drawdown_pct": {
    "mean": 1.3439205197479567,
    "p50": 1.175564160240835,
    "p90": 2.0055506880181313,
    "p95": 3.1231092836401624,
    "p99": 3.4173959759518224,
    "max": 3.426053045917501
  },
  "mean_ofi_pre": 0.22723051419466705,
  "mean_ofi_drop": -2.9454877762718024,
  "mean_wealth_by_phase": {
    "drop": 437409.77794198244,
    "post": 641929.3361182688,
    "pre": 175672.22775242952,
    "recovery": 635466.8872043139
  },
  "pct_insolvent_peak": 0.5,
  "wealth_concentration_drop": 0.7251491447044418,
  "columns": [
    "run_id",
    "event_id",
    "tick_ms",
    "phase",
    "close",
    "mid_price",
    "ofi",
    "spread_bps",
    "depth_imbalance",
    "trade_intensity",
    "realized_vol_50",
    "leverage_proxy",
    "kyle_lambda",
    "vpin",
    "flash_crash_flag",
    "mean_wealth_t",
    "pct_insolvent",
    "wealth_concentration"
  ]
}