{
  "scenario": "llm",
  "calibration_phase": "pre",
  "n_runs": 5,
  "n_rows": 57350,
  "tick_ms": 100,
  "crash_window_ticks": 10,
  "crash_threshold_pct": 1.93,
  "min_price_fraction": 0.6,
  "flash_crash_rate": 0.0,
  "run_max_drawdown_pct": {
    "mean": 0.4744805892305474,
    "p50": 0.3219682070090875,
    "p90": 0.8900625722919479,
    "p95": 1.0178593023630143,
    "p99": 1.1200966864198676,
    "max": 1.145656032434081
  },
  "mean_ofi_pre": 0.11438539608108368,
  "mean_ofi_drop": -5.487944549036089,
  "mean_wealth_by_phase": {
    "drop": 707613.3006680168,
    "post": 1077410.5601694533,
    "pre": 175326.85060635576,
    "recovery": 1315146.3108861926
  },
  "pct_insolvent_peak": 0.2,
  "wealth_concentration_drop": 0.9544399501559759,
  "columns": [
    "run_id",
    "event_id",
    "tick_ms",
    "phase",
    "close",
    "mid_price",
    "ofi",
    "spread_bps",
    "depth_imbalance",
    "trade_intensity",
    "realized_vol_50",
    "leverage_proxy",
    "kyle_lambda",
    "vpin",
    "flash_crash_flag",
    "mean_wealth_t",
    "pct_insolvent",
    "wealth_concentration"
  ]
}