{
  "scenario": "llm",
  "calibration_phase": "pre",
  "n_runs": 5,
  "n_rows": 58750,
  "tick_ms": 100,
  "crash_window_ticks": 10,
  "crash_threshold_pct": 1.93,
  "min_price_fraction": 0.6,
  "flash_crash_rate": 0.0,
  "run_max_drawdown_pct": {
    "mean": 0.4955580942823949,
    "p50": 0.38294640523442186,
    "p90": 0.8205532283744869,
    "p95": 0.9106202980458515,
    "p99": 0.9826739537829434,
    "max": 1.0006873677172163
  },
  "mean_ofi_pre": 0.12649577492442943,
  "mean_ofi_drop": -5.507696547989364,
  "mean_wealth_by_phase": {
    "drop": 672985.5917814989,
    "post": 867170.2599069849,
    "pre": 175317.8114400892,
    "recovery": 1135994.626068509
  },
  "pct_insolvent_peak": 0.2,
  "wealth_concentration_drop": 0.9409441079146076,
  "columns": [
    "run_id",
    "event_id",
    "tick_ms",
    "phase",
    "close",
    "mid_price",
    "ofi",
    "spread_bps",
    "depth_imbalance",
    "trade_intensity",
    "realized_vol_50",
    "leverage_proxy",
    "kyle_lambda",
    "vpin",
    "flash_crash_flag",
    "mean_wealth_t",
    "pct_insolvent",
    "wealth_concentration"
  ]
}