{
  "cfg_label": "cfgC_dim350_dsp020_rdamp0125",
  "input_dir": "data/processed/tardis/phase2_outputs/rescue_sweep_cfgC_dim350_dsp020_rdamp_v1/cfgC_dim350_dsp020_rdamp0125/raw",
  "panel_file": "data/processed/tardis/phase2_outputs/rescue_sweep_cfgC_dim350_dsp020_rdamp_v1/cfgC_dim350_dsp020_rdamp0125/censored_panel.csv",
  "guard_window": 5,
  "crash_window": 10,
  "min_price_fraction": 0.6,
  "n_shards": 4,
  "n_runs": 20,
  "raw_rows_total": 235000,
  "censored_rows_total": 121629,
  "crash_rate_raw": 0.05,
  "crash_rate_censored": 0.05,
  "avg_frac_at_min_censored": 0.0,
  "floor_exposure": 0.0,
  "usable_fraction_total_mean": 0.5175702127659574,
  "usable_fraction_drop_mean": 0.66629,
  "drawdown_at_first_crash": {
    "mean": 1.9836802939797522,
    "p50": 1.9836802939797522,
    "p95": 1.9836802939797522
  },
  "ofi_first_crash": {
    "mean": -5.8031769494044445,
    "p50": -5.8031769494044445,
    "p95": -5.8031769494044445
  },
  "ofi_crash_window": {
    "mean": -5.092373809040432,
    "p50": -5.092373809040432,
    "p95": -5.092373809040432
  },
  "spread_crash_window": {
    "mean": 3.870800053999999,
    "p50": 3.870800053999999,
    "p95": 3.870800053999999
  },
  "spread_pre": {
    "mean": 5.819488109999999,
    "p50": 5.819488109999999,
    "p95": 5.819488109999999
  },
  "depth_crash_window": {
    "mean": -0.19847857955619608,
    "p50": -0.19847857955619608,
    "p95": -0.19847857955619608
  },
  "depth_pre": {
    "mean": 0.02453326119528992,
    "p50": 0.02453326119528992,
    "p95": 0.02453326119528992
  },
  "per_run_metrics_csv": "data/processed/tardis/phase2_outputs/rescue_sweep_cfgC_dim350_dsp020_rdamp_v1/cfgC_dim350_dsp020_rdamp0125/analysis/censored/per_run_censored_metrics.csv",
  "per_shard_metrics_csv": "data/processed/tardis/phase2_outputs/rescue_sweep_cfgC_dim350_dsp020_rdamp_v1/cfgC_dim350_dsp020_rdamp0125/analysis/censored/per_shard_censored_metrics.csv"
}