{
  "scenario": "llm",
  "calibration_phase": "pre",
  "n_runs": 5,
  "n_rows": 58750,
  "tick_ms": 100,
  "crash_window_ticks": 10,
  "crash_threshold_pct": 1.93,
  "min_price_fraction": 0.7,
  "flash_crash_rate": 0.0,
  "run_max_drawdown_pct": {
    "mean": 0.9238619133442008,
    "p50": 1.1884264706713563,
    "p90": 1.4039988041549045,
    "p95": 1.4537507551224942,
    "p99": 1.493552315896566,
    "max": 1.503502706090084
  },
  "mean_ofi_pre": 0.18615778219755447,
  "mean_ofi_drop": -4.746362657592603,
  "mean_wealth_by_phase": {
    "drop": 340912.25898252364,
    "post": 325662.3992789154,
    "pre": 175587.10622091356,
    "recovery": 375645.79671523825
  },
  "pct_insolvent_peak": 0.16,
  "wealth_concentration_drop": 1.0421754786371387,
  "columns": [
    "run_id",
    "event_id",
    "tick_ms",
    "phase",
    "close",
    "mid_price",
    "ofi",
    "spread_bps",
    "depth_imbalance",
    "trade_intensity",
    "realized_vol_50",
    "leverage_proxy",
    "kyle_lambda",
    "vpin",
    "flash_crash_flag",
    "mean_wealth_t",
    "pct_insolvent",
    "wealth_concentration"
  ]
}