{
  "scenario": "llm",
  "calibration_phase": "pre",
  "n_runs": 5,
  "n_rows": 58750,
  "tick_ms": 100,
  "crash_window_ticks": 10,
  "crash_threshold_pct": 1.93,
  "min_price_fraction": 0.85,
  "flash_crash_rate": 0.0,
  "run_max_drawdown_pct": {
    "mean": 0.695278271344846,
    "p50": 0.5020735894295798,
    "p90": 1.2057868913211638,
    "p95": 1.2303043076171547,
    "p99": 1.2499182406539475,
    "max": 1.2548217239131456
  },
  "mean_ofi_pre": 0.19194641520279687,
  "mean_ofi_drop": -3.6545395489960373,
  "mean_wealth_by_phase": {
    "drop": 214452.02107247396,
    "post": 221695.80836520344,
    "pre": 175651.1847118876,
    "recovery": 221874.7468583501
  },
  "pct_insolvent_peak": 0.03,
  "wealth_concentration_drop": 1.002108025533407,
  "columns": [
    "run_id",
    "event_id",
    "tick_ms",
    "phase",
    "close",
    "mid_price",
    "ofi",
    "spread_bps",
    "depth_imbalance",
    "trade_intensity",
    "realized_vol_50",
    "leverage_proxy",
    "kyle_lambda",
    "vpin",
    "flash_crash_flag",
    "mean_wealth_t",
    "pct_insolvent",
    "wealth_concentration"
  ]
}