{
  "scenario": "llm",
  "calibration_phase": "pre",
  "n_runs": 5,
  "n_rows": 58750,
  "tick_ms": 100,
  "crash_window_ticks": 10,
  "crash_threshold_pct": 1.93,
  "min_price_fraction": 0.85,
  "flash_crash_rate": 0.2,
  "run_max_drawdown_pct": {
    "mean": 1.4637870182406505,
    "p50": 1.1620318630265243,
    "p90": 2.3560384582266,
    "p95": 2.504995966922536,
    "p99": 2.6241619738792847,
    "max": 2.6539534756184717
  },
  "mean_ofi_pre": 0.3649746840256013,
  "mean_ofi_drop": -3.170146152502111,
  "mean_wealth_by_phase": {
    "drop": 177548.80643927265,
    "post": 178223.31821763184,
    "pre": 176613.2556362906,
    "recovery": 178338.8632288162
  },
  "pct_insolvent_peak": 0.07,
  "wealth_concentration_drop": 1.0882293262143234,
  "columns": [
    "run_id",
    "event_id",
    "tick_ms",
    "phase",
    "close",
    "mid_price",
    "ofi",
    "spread_bps",
    "depth_imbalance",
    "trade_intensity",
    "realized_vol_50",
    "leverage_proxy",
    "kyle_lambda",
    "vpin",
    "flash_crash_flag",
    "mean_wealth_t",
    "pct_insolvent",
    "wealth_concentration"
  ]
}