{
  "scenario": "llm",
  "calibration_phase": "pre",
  "n_runs": 5,
  "n_rows": 56150,
  "tick_ms": 100,
  "crash_window_ticks": 10,
  "crash_threshold_pct": 1.93,
  "min_price_fraction": 0.85,
  "flash_crash_rate": 0.2,
  "run_max_drawdown_pct": {
    "mean": 1.038303531300356,
    "p50": 0.8165556872235955,
    "p90": 1.8318190189812196,
    "p95": 2.030833570714341,
    "p99": 2.1900452121008382,
    "max": 2.2298481224474624
  },
  "mean_ofi_pre": 0.28938717568854716,
  "mean_ofi_drop": -3.2430752628061006,
  "mean_wealth_by_phase": {
    "drop": 185317.28908845352,
    "post": 186704.38383794628,
    "pre": 176073.47970028184,
    "recovery": 180062.24098789
  },
  "pct_insolvent_peak": 0.09,
  "wealth_concentration_drop": 1.047908194101061,
  "columns": [
    "run_id",
    "event_id",
    "tick_ms",
    "phase",
    "close",
    "mid_price",
    "ofi",
    "spread_bps",
    "depth_imbalance",
    "trade_intensity",
    "realized_vol_50",
    "leverage_proxy",
    "kyle_lambda",
    "vpin",
    "flash_crash_flag",
    "mean_wealth_t",
    "pct_insolvent",
    "wealth_concentration"
  ]
}