{
  "scenario": "llm",
  "calibration_phase": "pre",
  "n_runs": 5,
  "n_rows": 58750,
  "tick_ms": 100,
  "crash_window_ticks": 10,
  "crash_threshold_pct": 1.93,
  "min_price_fraction": 0.7,
  "flash_crash_rate": 0.0,
  "run_max_drawdown_pct": {
    "mean": 0.504649426068567,
    "p50": 0.4200592889491904,
    "p90": 0.7988003363815961,
    "p95": 0.8750492153466973,
    "p99": 0.9360483185187785,
    "max": 0.9512980943117987
  },
  "mean_ofi_pre": 0.09863064722692744,
  "mean_ofi_drop": -5.2882357267831255,
  "mean_wealth_by_phase": {
    "drop": 419666.58409932145,
    "post": 487776.1954958128,
    "pre": 175222.0053594679,
    "recovery": 489747.6096268938
  },
  "pct_insolvent_peak": 0.05,
  "wealth_concentration_drop": 0.9384638931610819,
  "columns": [
    "run_id",
    "event_id",
    "tick_ms",
    "phase",
    "close",
    "mid_price",
    "ofi",
    "spread_bps",
    "depth_imbalance",
    "trade_intensity",
    "realized_vol_50",
    "leverage_proxy",
    "kyle_lambda",
    "vpin",
    "flash_crash_flag",
    "mean_wealth_t",
    "pct_insolvent",
    "wealth_concentration"
  ]
}