{
  "scenario": "llm",
  "calibration_phase": "pre",
  "n_runs": 5,
  "n_rows": 58750,
  "tick_ms": 100,
  "crash_window_ticks": 10,
  "crash_threshold_pct": 1.93,
  "min_price_fraction": 0.7,
  "flash_crash_rate": 0.0,
  "run_max_drawdown_pct": {
    "mean": 0.48710479514665855,
    "p50": 0.5485608488501088,
    "p90": 0.6052185034156873,
    "p95": 0.6185108550422335,
    "p99": 0.6291447363434705,
    "max": 0.6318032066687798
  },
  "mean_ofi_pre": 0.09849064033302096,
  "mean_ofi_drop": -5.4583531924616535,
  "mean_wealth_by_phase": {
    "drop": 387938.97857923666,
    "post": 442427.22656030796,
    "pre": 175157.14209866134,
    "recovery": 443437.4104623628
  },
  "pct_insolvent_peak": 0.02,
  "wealth_concentration_drop": 0.9051349429252342,
  "columns": [
    "run_id",
    "event_id",
    "tick_ms",
    "phase",
    "close",
    "mid_price",
    "ofi",
    "spread_bps",
    "depth_imbalance",
    "trade_intensity",
    "realized_vol_50",
    "leverage_proxy",
    "kyle_lambda",
    "vpin",
    "flash_crash_flag",
    "mean_wealth_t",
    "pct_insolvent",
    "wealth_concentration"
  ]
}