{
  "scenario": "llm",
  "calibration_phase": "pre",
  "n_runs": 5,
  "n_rows": 58750,
  "tick_ms": 100,
  "crash_window_ticks": 10,
  "crash_threshold_pct": 1.93,
  "min_price_fraction": 0.85,
  "flash_crash_rate": 0.0,
  "run_max_drawdown_pct": {
    "mean": 0.40335444648772667,
    "p50": 0.30806096440227154,
    "p90": 0.6033088744874676,
    "p95": 0.6178934792828032,
    "p99": 0.6295611631190717,
    "max": 0.6324780840781389
  },
  "mean_ofi_pre": 0.06795605073563912,
  "mean_ofi_drop": -4.048123032547987,
  "mean_wealth_by_phase": {
    "drop": 236433.53166820842,
    "post": 247284.30428223696,
    "pre": 175142.65999773346,
    "recovery": 247586.4860379993
  },
  "pct_insolvent_peak": 0.01,
  "wealth_concentration_drop": 0.9594941905220395,
  "columns": [
    "run_id",
    "event_id",
    "tick_ms",
    "phase",
    "close",
    "mid_price",
    "ofi",
    "spread_bps",
    "depth_imbalance",
    "trade_intensity",
    "realized_vol_50",
    "leverage_proxy",
    "kyle_lambda",
    "vpin",
    "flash_crash_flag",
    "mean_wealth_t",
    "pct_insolvent",
    "wealth_concentration"
  ]
}