{
  "scenario": "llm",
  "calibration_phase": "pre",
  "n_runs": 5,
  "n_rows": 58750,
  "tick_ms": 100,
  "crash_window_ticks": 10,
  "crash_threshold_pct": 1.93,
  "min_price_fraction": 0.85,
  "flash_crash_rate": 0.4,
  "run_max_drawdown_pct": {
    "mean": 1.6682070558939173,
    "p50": 1.4865755737552353,
    "p90": 2.540685153650184,
    "p95": 2.5500578025679776,
    "p99": 2.5575559217022126,
    "max": 2.5594304514857713
  },
  "mean_ofi_pre": 0.378206113107203,
  "mean_ofi_drop": -2.9597881695797366,
  "mean_wealth_by_phase": {
    "drop": 174506.7708398649,
    "post": 174905.84460822385,
    "pre": 176651.7192410698,
    "recovery": 175016.95675304782
  },
  "pct_insolvent_peak": 0.11,
  "wealth_concentration_drop": 1.1069303563971389,
  "columns": [
    "run_id",
    "event_id",
    "tick_ms",
    "phase",
    "close",
    "mid_price",
    "ofi",
    "spread_bps",
    "depth_imbalance",
    "trade_intensity",
    "realized_vol_50",
    "leverage_proxy",
    "kyle_lambda",
    "vpin",
    "flash_crash_flag",
    "mean_wealth_t",
    "pct_insolvent",
    "wealth_concentration"
  ]
}