{
  "scenario": "llm",
  "calibration_phase": "pre",
  "n_runs": 5,
  "n_rows": 57350,
  "tick_ms": 100,
  "crash_window_ticks": 10,
  "crash_threshold_pct": 1.93,
  "min_price_fraction": 0.7,
  "flash_crash_rate": 0.0,
  "run_max_drawdown_pct": {
    "mean": 0.6630393727182692,
    "p50": 0.6374953275683907,
    "p90": 1.0084475912798312,
    "p95": 1.0283069375648695,
    "p99": 1.0441944145929003,
    "max": 1.048166283849908
  },
  "mean_ofi_pre": 0.14556062587597493,
  "mean_ofi_drop": -5.164512462698041,
  "mean_wealth_by_phase": {
    "drop": 358556.89984900923,
    "post": 344140.1970629786,
    "pre": 175361.46442712256,
    "recovery": 351785.60039705184
  },
  "pct_insolvent_peak": 0.11,
  "wealth_concentration_drop": 0.9756106123337205,
  "columns": [
    "run_id",
    "event_id",
    "tick_ms",
    "phase",
    "close",
    "mid_price",
    "ofi",
    "spread_bps",
    "depth_imbalance",
    "trade_intensity",
    "realized_vol_50",
    "leverage_proxy",
    "kyle_lambda",
    "vpin",
    "flash_crash_flag",
    "mean_wealth_t",
    "pct_insolvent",
    "wealth_concentration"
  ]
}