{
  "scenario": "llm",
  "calibration_phase": "pre",
  "n_runs": 5,
  "n_rows": 58750,
  "tick_ms": 100,
  "crash_window_ticks": 10,
  "crash_threshold_pct": 1.93,
  "min_price_fraction": 0.85,
  "flash_crash_rate": 0.0,
  "run_max_drawdown_pct": {
    "mean": 0.29433737643155233,
    "p50": 0.3419005698521698,
    "p90": 0.4246966632005886,
    "p95": 0.44708806185485905,
    "p99": 0.46500118077827546,
    "max": 0.46947946050912953
  },
  "mean_ofi_pre": 0.04620694882204366,
  "mean_ofi_drop": -4.205552577567221,
  "mean_wealth_by_phase": {
    "drop": 280357.41073924606,
    "post": 271765.1615300528,
    "pre": 175070.44945643566,
    "recovery": 288986.40707599913
  },
  "pct_insolvent_peak": 0.01,
  "wealth_concentration_drop": 0.9489390626395575,
  "columns": [
    "run_id",
    "event_id",
    "tick_ms",
    "phase",
    "close",
    "mid_price",
    "ofi",
    "spread_bps",
    "depth_imbalance",
    "trade_intensity",
    "realized_vol_50",
    "leverage_proxy",
    "kyle_lambda",
    "vpin",
    "flash_crash_flag",
    "mean_wealth_t",
    "pct_insolvent",
    "wealth_concentration"
  ]
}