{
  "scenario": "llm",
  "calibration_phase": "pre",
  "n_runs": 5,
  "n_rows": 58750,
  "tick_ms": 100,
  "crash_window_ticks": 10,
  "crash_threshold_pct": 1.93,
  "min_price_fraction": 0.85,
  "flash_crash_rate": 0.0,
  "run_max_drawdown_pct": {
    "mean": 0.7922151527910597,
    "p50": 0.9786507659318661,
    "p90": 1.2015630030718585,
    "p95": 1.2574369344952046,
    "p99": 1.3021360796338817,
    "max": 1.3133108659185508
  },
  "mean_ofi_pre": 0.23077066613035732,
  "mean_ofi_drop": -3.5661172887593326,
  "mean_wealth_by_phase": {
    "drop": 228853.34458440557,
    "post": 210992.7895479736,
    "pre": 175730.6770488902,
    "recovery": 232382.67816550075
  },
  "pct_insolvent_peak": 0.03,
  "wealth_concentration_drop": 1.0408701119168622,
  "columns": [
    "run_id",
    "event_id",
    "tick_ms",
    "phase",
    "close",
    "mid_price",
    "ofi",
    "spread_bps",
    "depth_imbalance",
    "trade_intensity",
    "realized_vol_50",
    "leverage_proxy",
    "kyle_lambda",
    "vpin",
    "flash_crash_flag",
    "mean_wealth_t",
    "pct_insolvent",
    "wealth_concentration"
  ]
}