{
  "scenario": "llm",
  "calibration_phase": "pre",
  "n_runs": 5,
  "n_rows": 58750,
  "tick_ms": 100,
  "crash_window_ticks": 10,
  "crash_threshold_pct": 1.93,
  "min_price_fraction": 0.7,
  "flash_crash_rate": 0.2,
  "run_max_drawdown_pct": {
    "mean": 0.9737175944023295,
    "p50": 0.5161945539453792,
    "p90": 2.0129430013989267,
    "p95": 2.24248949095682,
    "p99": 2.426126682603135,
    "max": 2.472035980514714
  },
  "mean_ofi_pre": 0.1862013051381978,
  "mean_ofi_drop": -4.7158668599140245,
  "mean_wealth_by_phase": {
    "drop": 391696.7019876098,
    "post": 384593.54721370566,
    "pre": 175733.65392784236,
    "recovery": 440675.2302916279
  },
  "pct_insolvent_peak": 0.2,
  "wealth_concentration_drop": 1.0297487416674795,
  "columns": [
    "run_id",
    "event_id",
    "tick_ms",
    "phase",
    "close",
    "mid_price",
    "ofi",
    "spread_bps",
    "depth_imbalance",
    "trade_intensity",
    "realized_vol_50",
    "leverage_proxy",
    "kyle_lambda",
    "vpin",
    "flash_crash_flag",
    "mean_wealth_t",
    "pct_insolvent",
    "wealth_concentration"
  ]
}