{
  "scenario": "llm",
  "calibration_phase": "pre",
  "n_runs": 5,
  "n_rows": 58750,
  "tick_ms": 100,
  "crash_window_ticks": 10,
  "crash_threshold_pct": 1.93,
  "min_price_fraction": 0.7,
  "flash_crash_rate": 0.4,
  "run_max_drawdown_pct": {
    "mean": 1.347477649952659,
    "p50": 0.512383934428353,
    "p90": 2.7595255315676974,
    "p95": 2.811074540705054,
    "p99": 2.85231374801494,
    "max": 2.8626235498424113
  },
  "mean_ofi_pre": 0.23774131180861094,
  "mean_ofi_drop": -4.726141522667958,
  "mean_wealth_by_phase": {
    "drop": 333251.7220141588,
    "post": 374667.5676676168,
    "pre": 176055.17492063777,
    "recovery": 375064.80138500006
  },
  "pct_insolvent_peak": 0.13,
  "wealth_concentration_drop": 1.034525005726442,
  "columns": [
    "run_id",
    "event_id",
    "tick_ms",
    "phase",
    "close",
    "mid_price",
    "ofi",
    "spread_bps",
    "depth_imbalance",
    "trade_intensity",
    "realized_vol_50",
    "leverage_proxy",
    "kyle_lambda",
    "vpin",
    "flash_crash_flag",
    "mean_wealth_t",
    "pct_insolvent",
    "wealth_concentration"
  ]
}