{
  "scenario": "llm",
  "calibration_phase": "pre",
  "n_runs": 5,
  "n_rows": 58750,
  "tick_ms": 100,
  "crash_window_ticks": 10,
  "crash_threshold_pct": 1.93,
  "min_price_fraction": 0.7,
  "flash_crash_rate": 0.0,
  "run_max_drawdown_pct": {
    "mean": 0.8458441869781368,
    "p50": 0.6411750229362377,
    "p90": 1.4105470457011513,
    "p95": 1.4268368448309763,
    "p99": 1.439868684134836,
    "max": 1.443126643960801
  },
  "mean_ofi_pre": 0.19276217330142745,
  "mean_ofi_drop": -5.00070919598269,
  "mean_wealth_by_phase": {
    "drop": 332586.78999421676,
    "post": 312641.55804417946,
    "pre": 175501.0680434991,
    "recovery": 357079.70148448733
  },
  "pct_insolvent_peak": 0.15,
  "wealth_concentration_drop": 1.008949883486919,
  "columns": [
    "run_id",
    "event_id",
    "tick_ms",
    "phase",
    "close",
    "mid_price",
    "ofi",
    "spread_bps",
    "depth_imbalance",
    "trade_intensity",
    "realized_vol_50",
    "leverage_proxy",
    "kyle_lambda",
    "vpin",
    "flash_crash_flag",
    "mean_wealth_t",
    "pct_insolvent",
    "wealth_concentration"
  ]
}