{
  "scenario": "llm",
  "calibration_phase": "pre",
  "n_runs": 5,
  "n_rows": 58750,
  "tick_ms": 100,
  "crash_window_ticks": 10,
  "crash_threshold_pct": 1.93,
  "min_price_fraction": 0.7,
  "flash_crash_rate": 0.4,
  "run_max_drawdown_pct": {
    "mean": 1.4778306636400362,
    "p50": 1.315933320008316,
    "p90": 2.5066226752941656,
    "p95": 2.5775211608830038,
    "p99": 2.6342399493540745,
    "max": 2.6484196464718424
  },
  "mean_ofi_pre": 0.32853935848556026,
  "mean_ofi_drop": -4.263029097535875,
  "mean_wealth_by_phase": {
    "drop": 238788.19970535743,
    "post": 251227.4568015529,
    "pre": 176350.29253299706,
    "recovery": 251478.20967728764
  },
  "pct_insolvent_peak": 0.16,
  "wealth_concentration_drop": 1.096179162214281,
  "columns": [
    "run_id",
    "event_id",
    "tick_ms",
    "phase",
    "close",
    "mid_price",
    "ofi",
    "spread_bps",
    "depth_imbalance",
    "trade_intensity",
    "realized_vol_50",
    "leverage_proxy",
    "kyle_lambda",
    "vpin",
    "flash_crash_flag",
    "mean_wealth_t",
    "pct_insolvent",
    "wealth_concentration"
  ]
}