{
  "scenario": "llm",
  "calibration_phase": "pre",
  "n_runs": 5,
  "n_rows": 58750,
  "tick_ms": 100,
  "crash_window_ticks": 10,
  "crash_threshold_pct": 1.93,
  "min_price_fraction": 0.7,
  "flash_crash_rate": 0.0,
  "run_max_drawdown_pct": {
    "mean": 0.7592146259087408,
    "p50": 0.7042348286847647,
    "p90": 1.0863390244213817,
    "p95": 1.19397015035781,
    "p99": 1.280075051106953,
    "max": 1.3016012762942386
  },
  "mean_ofi_pre": 0.19069123545888297,
  "mean_ofi_drop": -5.165253565403704,
  "mean_wealth_by_phase": {
    "drop": 283273.66979826655,
    "post": 304329.08307134203,
    "pre": 175516.56073458752,
    "recovery": 304814.687472495
  },
  "pct_insolvent_peak": 0.07,
  "wealth_concentration_drop": 0.9764231006200819,
  "columns": [
    "run_id",
    "event_id",
    "tick_ms",
    "phase",
    "close",
    "mid_price",
    "ofi",
    "spread_bps",
    "depth_imbalance",
    "trade_intensity",
    "realized_vol_50",
    "leverage_proxy",
    "kyle_lambda",
    "vpin",
    "flash_crash_flag",
    "mean_wealth_t",
    "pct_insolvent",
    "wealth_concentration"
  ]
}