{
  "scenario": "llm",
  "calibration_phase": "pre",
  "n_runs": 5,
  "n_rows": 58750,
  "tick_ms": 100,
  "crash_window_ticks": 10,
  "crash_threshold_pct": 1.93,
  "min_price_fraction": 0.85,
  "flash_crash_rate": 0.0,
  "run_max_drawdown_pct": {
    "mean": 0.4003442899175974,
    "p50": 0.2801106576251368,
    "p90": 0.6809355276060938,
    "p95": 0.7441093695811232,
    "p99": 0.7946484431611467,
    "max": 0.8072832115561526
  },
  "mean_ofi_pre": 0.07575282092870662,
  "mean_ofi_drop": -4.141597142438281,
  "mean_wealth_by_phase": {
    "drop": 246605.41329016854,
    "post": 260356.12358558527,
    "pre": 175198.37554796448,
    "recovery": 260797.96967317795
  },
  "pct_insolvent_peak": 0.0,
  "wealth_concentration_drop": 0.9558174152081116,
  "columns": [
    "run_id",
    "event_id",
    "tick_ms",
    "phase",
    "close",
    "mid_price",
    "ofi",
    "spread_bps",
    "depth_imbalance",
    "trade_intensity",
    "realized_vol_50",
    "leverage_proxy",
    "kyle_lambda",
    "vpin",
    "flash_crash_flag",
    "mean_wealth_t",
    "pct_insolvent",
    "wealth_concentration"
  ]
}