{
  "scenario": "llm",
  "calibration_phase": "pre",
  "n_runs": 5,
  "n_rows": 53950,
  "tick_ms": 100,
  "crash_window_ticks": 10,
  "crash_threshold_pct": 1.93,
  "min_price_fraction": 0.7,
  "flash_crash_rate": 0.0,
  "run_max_drawdown_pct": {
    "mean": 0.4707205927658009,
    "p50": 0.4215235015125168,
    "p90": 0.6337501820852129,
    "p95": 0.6782547516653427,
    "p99": 0.7138584073294464,
    "max": 0.7227593212454724
  },
  "mean_ofi_pre": 0.07871818594149924,
  "mean_ofi_drop": -5.414808271442901,
  "mean_wealth_by_phase": {
    "drop": 387265.05608749005,
    "post": 438035.246756238,
    "pre": 175132.1501075763,
    "recovery": 432080.81099380594
  },
  "pct_insolvent_peak": 0.02,
  "wealth_concentration_drop": 0.9040578554264519,
  "columns": [
    "run_id",
    "event_id",
    "tick_ms",
    "phase",
    "close",
    "mid_price",
    "ofi",
    "spread_bps",
    "depth_imbalance",
    "trade_intensity",
    "realized_vol_50",
    "leverage_proxy",
    "kyle_lambda",
    "vpin",
    "flash_crash_flag",
    "mean_wealth_t",
    "pct_insolvent",
    "wealth_concentration"
  ]
}