{
  "scenario": "llm",
  "calibration_phase": "pre",
  "n_runs": 5,
  "n_rows": 58750,
  "tick_ms": 100,
  "crash_window_ticks": 10,
  "crash_threshold_pct": 1.93,
  "min_price_fraction": 0.85,
  "flash_crash_rate": 0.0,
  "run_max_drawdown_pct": {
    "mean": 0.6036299449837678,
    "p50": 0.5069674550878411,
    "p90": 0.8636318212184013,
    "p95": 0.9433884523987207,
    "p99": 1.0071937573429763,
    "max": 1.0231450835790403
  },
  "mean_ofi_pre": 0.15091748544987268,
  "mean_ofi_drop": -3.59765326934873,
  "mean_wealth_by_phase": {
    "drop": 201210.1340215243,
    "post": 204259.9105826657,
    "pre": 175342.84857542804,
    "recovery": 204421.16076205348
  },
  "pct_insolvent_peak": 0.02,
  "wealth_concentration_drop": 1.0067833914215607,
  "columns": [
    "run_id",
    "event_id",
    "tick_ms",
    "phase",
    "close",
    "mid_price",
    "ofi",
    "spread_bps",
    "depth_imbalance",
    "trade_intensity",
    "realized_vol_50",
    "leverage_proxy",
    "kyle_lambda",
    "vpin",
    "flash_crash_flag",
    "mean_wealth_t",
    "pct_insolvent",
    "wealth_concentration"
  ]
}