{
  "scenario": "llm",
  "calibration_phase": "pre",
  "n_runs": 5,
  "n_rows": 58750,
  "tick_ms": 100,
  "crash_window_ticks": 10,
  "crash_threshold_pct": 1.93,
  "min_price_fraction": 0.7,
  "flash_crash_rate": 0.0,
  "run_max_drawdown_pct": {
    "mean": 0.5569801396485203,
    "p50": 0.35796480619537857,
    "p90": 0.9758441485869842,
    "p95": 1.1463986328602669,
    "p99": 1.2828422202788932,
    "max": 1.3169531171335498
  },
  "mean_ofi_pre": 0.10378075516898522,
  "mean_ofi_drop": -5.276412593545942,
  "mean_wealth_by_phase": {
    "drop": 414737.5950505792,
    "post": 482170.7975101924,
    "pre": 175244.40565298218,
    "recovery": 483180.01985603874
  },
  "pct_insolvent_peak": 0.04,
  "wealth_concentration_drop": 0.9409428441425104,
  "columns": [
    "run_id",
    "event_id",
    "tick_ms",
    "phase",
    "close",
    "mid_price",
    "ofi",
    "spread_bps",
    "depth_imbalance",
    "trade_intensity",
    "realized_vol_50",
    "leverage_proxy",
    "kyle_lambda",
    "vpin",
    "flash_crash_flag",
    "mean_wealth_t",
    "pct_insolvent",
    "wealth_concentration"
  ]
}