{
  "scenario": "llm",
  "calibration_phase": "pre",
  "n_runs": 5,
  "n_rows": 58750,
  "tick_ms": 100,
  "crash_window_ticks": 10,
  "crash_threshold_pct": 1.93,
  "min_price_fraction": 0.85,
  "flash_crash_rate": 0.2,
  "run_max_drawdown_pct": {
    "mean": 0.8735015261251714,
    "p50": 0.366333060811674,
    "p90": 1.8066256095009052,
    "p95": 2.013896632808464,
    "p99": 2.1797134514545116,
    "max": 2.2211676561160236
  },
  "mean_ofi_pre": 0.18619233469861235,
  "mean_ofi_drop": -3.788539712155982,
  "mean_wealth_by_phase": {
    "drop": 214549.09239751392,
    "post": 221092.5646695172,
    "pre": 175803.85007653406,
    "recovery": 221307.14592858238
  },
  "pct_insolvent_peak": 0.07,
  "wealth_concentration_drop": 1.0043299981010978,
  "columns": [
    "run_id",
    "event_id",
    "tick_ms",
    "phase",
    "close",
    "mid_price",
    "ofi",
    "spread_bps",
    "depth_imbalance",
    "trade_intensity",
    "realized_vol_50",
    "leverage_proxy",
    "kyle_lambda",
    "vpin",
    "flash_crash_flag",
    "mean_wealth_t",
    "pct_insolvent",
    "wealth_concentration"
  ]
}