{
  "scenario": "llm",
  "calibration_phase": "pre",
  "n_runs": 5,
  "n_rows": 57350,
  "tick_ms": 100,
  "crash_window_ticks": 10,
  "crash_threshold_pct": 1.93,
  "min_price_fraction": 0.7,
  "flash_crash_rate": 0.0,
  "run_max_drawdown_pct": {
    "mean": 0.5873817530901897,
    "p50": 0.48962727543479295,
    "p90": 0.9278776969592029,
    "p95": 1.0243006577788973,
    "p99": 1.101439026434653,
    "max": 1.1207236185985918
  },
  "mean_ofi_pre": 0.15323921379994487,
  "mean_ofi_drop": -5.301002083178036,
  "mean_wealth_by_phase": {
    "drop": 372843.75730681256,
    "post": 385656.24048728775,
    "pre": 175348.03853871938,
    "recovery": 377894.95812525396
  },
  "pct_insolvent_peak": 0.08,
  "wealth_concentration_drop": 0.9619039549328264,
  "columns": [
    "run_id",
    "event_id",
    "tick_ms",
    "phase",
    "close",
    "mid_price",
    "ofi",
    "spread_bps",
    "depth_imbalance",
    "trade_intensity",
    "realized_vol_50",
    "leverage_proxy",
    "kyle_lambda",
    "vpin",
    "flash_crash_flag",
    "mean_wealth_t",
    "pct_insolvent",
    "wealth_concentration"
  ]
}