{
  "scenario": "llm",
  "calibration_phase": "pre",
  "n_runs": 5,
  "n_rows": 58750,
  "tick_ms": 100,
  "crash_window_ticks": 10,
  "crash_threshold_pct": 1.93,
  "min_price_fraction": 0.7,
  "flash_crash_rate": 0.0,
  "run_max_drawdown_pct": {
    "mean": 0.7216360013396348,
    "p50": 0.5375383052214165,
    "p90": 1.1652121157243887,
    "p95": 1.3085297038169552,
    "p99": 1.4231837742910087,
    "max": 1.4518472919095222
  },
  "mean_ofi_pre": 0.15690813189308092,
  "mean_ofi_drop": -5.1885235443241005,
  "mean_wealth_by_phase": {
    "drop": 321448.2310399497,
    "post": 353380.70335431135,
    "pre": 175407.03993349965,
    "recovery": 354047.66217422474
  },
  "pct_insolvent_peak": 0.07,
  "wealth_concentration_drop": 0.957708356689687,
  "columns": [
    "run_id",
    "event_id",
    "tick_ms",
    "phase",
    "close",
    "mid_price",
    "ofi",
    "spread_bps",
    "depth_imbalance",
    "trade_intensity",
    "realized_vol_50",
    "leverage_proxy",
    "kyle_lambda",
    "vpin",
    "flash_crash_flag",
    "mean_wealth_t",
    "pct_insolvent",
    "wealth_concentration"
  ]
}