{
  "scenario": "llm",
  "calibration_phase": "pre",
  "n_runs": 5,
  "n_rows": 58750,
  "tick_ms": 100,
  "crash_window_ticks": 10,
  "crash_threshold_pct": 1.93,
  "min_price_fraction": 0.85,
  "flash_crash_rate": 0.0,
  "run_max_drawdown_pct": {
    "mean": 0.5215038340561875,
    "p50": 0.4480254446460637,
    "p90": 0.9284842979073948,
    "p95": 1.0843375293866893,
    "p99": 1.209020114570125,
    "max": 1.240190760865984
  },
  "mean_ofi_pre": 0.09592550848110735,
  "mean_ofi_drop": -3.95135863108774,
  "mean_wealth_by_phase": {
    "drop": 234891.33777081085,
    "post": 246269.6881555959,
    "pre": 175242.2601691278,
    "recovery": 246522.57334017995
  },
  "pct_insolvent_peak": 0.01,
  "wealth_concentration_drop": 0.9769446194486009,
  "columns": [
    "run_id",
    "event_id",
    "tick_ms",
    "phase",
    "close",
    "mid_price",
    "ofi",
    "spread_bps",
    "depth_imbalance",
    "trade_intensity",
    "realized_vol_50",
    "leverage_proxy",
    "kyle_lambda",
    "vpin",
    "flash_crash_flag",
    "mean_wealth_t",
    "pct_insolvent",
    "wealth_concentration"
  ]
}