{
  "scenario": "llm",
  "calibration_phase": "pre",
  "n_runs": 5,
  "n_rows": 58750,
  "tick_ms": 100,
  "crash_window_ticks": 10,
  "crash_threshold_pct": 1.93,
  "min_price_fraction": 0.85,
  "flash_crash_rate": 0.0,
  "run_max_drawdown_pct": {
    "mean": 0.5663054518863107,
    "p50": 0.5105312919559606,
    "p90": 0.8464367413267472,
    "p95": 0.9430008812775,
    "p99": 1.0202521932381023,
    "max": 1.039565021228253
  },
  "mean_ofi_pre": 0.14571352129167395,
  "mean_ofi_drop": -3.67669504025976,
  "mean_wealth_by_phase": {
    "drop": 202986.9837278521,
    "post": 206159.04520479828,
    "pre": 175397.45059009508,
    "recovery": 206344.4324881172
  },
  "pct_insolvent_peak": 0.04,
  "wealth_concentration_drop": 0.9985115633938579,
  "columns": [
    "run_id",
    "event_id",
    "tick_ms",
    "phase",
    "close",
    "mid_price",
    "ofi",
    "spread_bps",
    "depth_imbalance",
    "trade_intensity",
    "realized_vol_50",
    "leverage_proxy",
    "kyle_lambda",
    "vpin",
    "flash_crash_flag",
    "mean_wealth_t",
    "pct_insolvent",
    "wealth_concentration"
  ]
}