{
  "scenario": "llm",
  "calibration_phase": "pre",
  "n_runs": 5,
  "n_rows": 56350,
  "tick_ms": 100,
  "crash_window_ticks": 10,
  "crash_threshold_pct": 1.93,
  "min_price_fraction": 0.7,
  "flash_crash_rate": 0.0,
  "run_max_drawdown_pct": {
    "mean": 0.327739605625432,
    "p50": 0.31925621412771793,
    "p90": 0.43239287565718754,
    "p95": 0.44732069841424454,
    "p99": 0.4592629566198902,
    "max": 0.4622485211713016
  },
  "mean_ofi_pre": 0.04979924269552648,
  "mean_ofi_drop": -5.376222104084784,
  "mean_wealth_by_phase": {
    "drop": 586893.9707091418,
    "post": 607999.9488039981,
    "pre": 175087.23854636654,
    "recovery": 778257.8856494796
  },
  "pct_insolvent_peak": 0.2,
  "wealth_concentration_drop": 0.9144864274493212,
  "columns": [
    "run_id",
    "event_id",
    "tick_ms",
    "phase",
    "close",
    "mid_price",
    "ofi",
    "spread_bps",
    "depth_imbalance",
    "trade_intensity",
    "realized_vol_50",
    "leverage_proxy",
    "kyle_lambda",
    "vpin",
    "flash_crash_flag",
    "mean_wealth_t",
    "pct_insolvent",
    "wealth_concentration"
  ]
}