{
  "scenario": "llm",
  "calibration_phase": "pre",
  "n_runs": 5,
  "n_rows": 58750,
  "tick_ms": 100,
  "crash_window_ticks": 10,
  "crash_threshold_pct": 1.93,
  "min_price_fraction": 0.7,
  "flash_crash_rate": 0.0,
  "run_max_drawdown_pct": {
    "mean": 0.3569427691927453,
    "p50": 0.34701605098678784,
    "p90": 0.4399032598198966,
    "p95": 0.45244483386750384,
    "p99": 0.4624780931055896,
    "max": 0.4649864079151111
  },
  "mean_ofi_pre": 0.023719463563598484,
  "mean_ofi_drop": -5.415014053079703,
  "mean_wealth_by_phase": {
    "drop": 509427.4605118666,
    "post": 568190.483281421,
    "pre": 175048.9960679406,
    "recovery": 597405.1305331229
  },
  "pct_insolvent_peak": 0.06,
  "wealth_concentration_drop": 0.90587225064584,
  "columns": [
    "run_id",
    "event_id",
    "tick_ms",
    "phase",
    "close",
    "mid_price",
    "ofi",
    "spread_bps",
    "depth_imbalance",
    "trade_intensity",
    "realized_vol_50",
    "leverage_proxy",
    "kyle_lambda",
    "vpin",
    "flash_crash_flag",
    "mean_wealth_t",
    "pct_insolvent",
    "wealth_concentration"
  ]
}