{
  "scenario": "llm",
  "calibration_phase": "pre",
  "n_runs": 5,
  "n_rows": 58750,
  "tick_ms": 100,
  "crash_window_ticks": 10,
  "crash_threshold_pct": 1.93,
  "min_price_fraction": 0.85,
  "flash_crash_rate": 0.4,
  "run_max_drawdown_pct": {
    "mean": 1.11717529380171,
    "p50": 0.489767444007392,
    "p90": 2.279010084963381,
    "p95": 2.3639740264963134,
    "p99": 2.4319451797226597,
    "max": 2.448937968029246
  },
  "mean_ofi_pre": 0.26202793590322093,
  "mean_ofi_drop": -3.694761928809108,
  "mean_wealth_by_phase": {
    "drop": 199777.49467003072,
    "post": 203725.16003357386,
    "pre": 176139.51924691652,
    "recovery": 203944.9609276159
  },
  "pct_insolvent_peak": 0.08,
  "wealth_concentration_drop": 1.0295634071779696,
  "columns": [
    "run_id",
    "event_id",
    "tick_ms",
    "phase",
    "close",
    "mid_price",
    "ofi",
    "spread_bps",
    "depth_imbalance",
    "trade_intensity",
    "realized_vol_50",
    "leverage_proxy",
    "kyle_lambda",
    "vpin",
    "flash_crash_flag",
    "mean_wealth_t",
    "pct_insolvent",
    "wealth_concentration"
  ]
}