{
  "scenario": "llm",
  "calibration_phase": "pre",
  "n_runs": 5,
  "n_rows": 58750,
  "tick_ms": 100,
  "crash_window_ticks": 10,
  "crash_threshold_pct": 1.93,
  "min_price_fraction": 0.85,
  "flash_crash_rate": 0.2,
  "run_max_drawdown_pct": {
    "mean": 0.8364224391047557,
    "p50": 0.4546770029996883,
    "p90": 1.6759418349822008,
    "p95": 1.8700451486089626,
    "p99": 2.0253277995103725,
    "max": 2.064148462235725
  },
  "mean_ofi_pre": 0.21360075557555128,
  "mean_ofi_drop": -3.6536830972864816,
  "mean_wealth_by_phase": {
    "drop": 212118.13211737017,
    "post": 219002.46244404436,
    "pre": 175787.8839899124,
    "recovery": 219350.75805832012
  },
  "pct_insolvent_peak": 0.06,
  "wealth_concentration_drop": 1.0203590491329046,
  "columns": [
    "run_id",
    "event_id",
    "tick_ms",
    "phase",
    "close",
    "mid_price",
    "ofi",
    "spread_bps",
    "depth_imbalance",
    "trade_intensity",
    "realized_vol_50",
    "leverage_proxy",
    "kyle_lambda",
    "vpin",
    "flash_crash_flag",
    "mean_wealth_t",
    "pct_insolvent",
    "wealth_concentration"
  ]
}