{
  "scenario": "llm",
  "calibration_phase": "pre",
  "n_runs": 5,
  "n_rows": 58750,
  "tick_ms": 100,
  "crash_window_ticks": 10,
  "crash_threshold_pct": 1.93,
  "min_price_fraction": 0.85,
  "flash_crash_rate": 0.0,
  "run_max_drawdown_pct": {
    "mean": 0.6888056206471369,
    "p50": 0.5409050717849004,
    "p90": 1.1672603527707113,
    "p95": 1.2510588125719904,
    "p99": 1.318097580413014,
    "max": 1.33485727237327
  },
  "mean_ofi_pre": 0.1812487643098358,
  "mean_ofi_drop": -3.704112404065526,
  "mean_wealth_by_phase": {
    "drop": 211061.2235481027,
    "post": 218266.8902277101,
    "pre": 175532.05104061763,
    "recovery": 218432.93317821994
  },
  "pct_insolvent_peak": 0.03,
  "wealth_concentration_drop": 1.0036063910131126,
  "columns": [
    "run_id",
    "event_id",
    "tick_ms",
    "phase",
    "close",
    "mid_price",
    "ofi",
    "spread_bps",
    "depth_imbalance",
    "trade_intensity",
    "realized_vol_50",
    "leverage_proxy",
    "kyle_lambda",
    "vpin",
    "flash_crash_flag",
    "mean_wealth_t",
    "pct_insolvent",
    "wealth_concentration"
  ]
}