{
  "scenario": "llm",
  "calibration_phase": "pre",
  "n_runs": 5,
  "n_rows": 56150,
  "tick_ms": 100,
  "crash_window_ticks": 10,
  "crash_threshold_pct": 1.93,
  "min_price_fraction": 0.7,
  "flash_crash_rate": 0.0,
  "run_max_drawdown_pct": {
    "mean": 0.6493436324164454,
    "p50": 0.5371010603780159,
    "p90": 1.102080813800949,
    "p95": 1.2862008203880735,
    "p99": 1.4334968256577731,
    "max": 1.4703208269751982
  },
  "mean_ofi_pre": 0.12399748318145744,
  "mean_ofi_drop": -5.182326831957978,
  "mean_wealth_by_phase": {
    "drop": 378191.3814976825,
    "post": 430457.19056911144,
    "pre": 175353.96658494335,
    "recovery": 440458.80140284484
  },
  "pct_insolvent_peak": 0.09,
  "wealth_concentration_drop": 0.9364996483143146,
  "columns": [
    "run_id",
    "event_id",
    "tick_ms",
    "phase",
    "close",
    "mid_price",
    "ofi",
    "spread_bps",
    "depth_imbalance",
    "trade_intensity",
    "realized_vol_50",
    "leverage_proxy",
    "kyle_lambda",
    "vpin",
    "flash_crash_flag",
    "mean_wealth_t",
    "pct_insolvent",
    "wealth_concentration"
  ]
}