{
  "scenario": "llm",
  "calibration_phase": "pre",
  "n_runs": 5,
  "n_rows": 56350,
  "tick_ms": 100,
  "crash_window_ticks": 10,
  "crash_threshold_pct": 1.93,
  "min_price_fraction": 0.6,
  "flash_crash_rate": 0.0,
  "run_max_drawdown_pct": {
    "mean": 0.507934015294311,
    "p50": 0.38504309082335264,
    "p90": 0.9316054716040547,
    "p95": 1.105297939016175,
    "p99": 1.2442519129458716,
    "max": 1.2789904064282958
  },
  "mean_ofi_pre": 0.12308509035758063,
  "mean_ofi_drop": -5.448208708751982,
  "mean_wealth_by_phase": {
    "drop": 728985.2093732451,
    "post": 933034.7723764761,
    "pre": 175361.5855204241,
    "recovery": 1271399.8778005582
  },
  "pct_insolvent_peak": 0.2,
  "wealth_concentration_drop": 0.9454156952559184,
  "columns": [
    "run_id",
    "event_id",
    "tick_ms",
    "phase",
    "close",
    "mid_price",
    "ofi",
    "spread_bps",
    "depth_imbalance",
    "trade_intensity",
    "realized_vol_50",
    "leverage_proxy",
    "kyle_lambda",
    "vpin",
    "flash_crash_flag",
    "mean_wealth_t",
    "pct_insolvent",
    "wealth_concentration"
  ]
}