{
  "scenario": "llm",
  "calibration_phase": "pre",
  "n_runs": 5,
  "n_rows": 56350,
  "tick_ms": 100,
  "crash_window_ticks": 10,
  "crash_threshold_pct": 1.93,
  "min_price_fraction": 0.6,
  "flash_crash_rate": 0.0,
  "run_max_drawdown_pct": {
    "mean": 0.5685256447711371,
    "p50": 0.5631014015637922,
    "p90": 0.8341372233109546,
    "p95": 0.9174122955140854,
    "p99": 0.9840323532765901,
    "max": 1.0006873677172163
  },
  "mean_ofi_pre": 0.14840542523591438,
  "mean_ofi_drop": -5.536212782630981,
  "mean_wealth_by_phase": {
    "drop": 603377.3110632946,
    "post": 730939.4151564996,
    "pre": 175363.40279182038,
    "recovery": 790888.2420711024
  },
  "pct_insolvent_peak": 0.17,
  "wealth_concentration_drop": 0.9345943320973149,
  "columns": [
    "run_id",
    "event_id",
    "tick_ms",
    "phase",
    "close",
    "mid_price",
    "ofi",
    "spread_bps",
    "depth_imbalance",
    "trade_intensity",
    "realized_vol_50",
    "leverage_proxy",
    "kyle_lambda",
    "vpin",
    "flash_crash_flag",
    "mean_wealth_t",
    "pct_insolvent",
    "wealth_concentration"
  ]
}