{
  "scenario": "llm",
  "calibration_phase": "pre",
  "n_runs": 5,
  "n_rows": 58750,
  "tick_ms": 100,
  "crash_window_ticks": 10,
  "crash_threshold_pct": 1.93,
  "min_price_fraction": 0.6,
  "flash_crash_rate": 0.0,
  "run_max_drawdown_pct": {
    "mean": 0.6404020861354136,
    "p50": 0.5859647596175065,
    "p90": 0.9006342896631802,
    "p95": 0.9506608286901982,
    "p99": 0.9906820599118127,
    "max": 1.0006873677172163
  },
  "mean_ofi_pre": 0.1910086554483428,
  "mean_ofi_drop": -5.503913018883907,
  "mean_wealth_by_phase": {
    "drop": 513288.149431703,
    "post": 593924.035754539,
    "pre": 175485.20122212762,
    "recovery": 660010.5098336466
  },
  "pct_insolvent_peak": 0.14,
  "wealth_concentration_drop": 0.9277359915616377,
  "columns": [
    "run_id",
    "event_id",
    "tick_ms",
    "phase",
    "close",
    "mid_price",
    "ofi",
    "spread_bps",
    "depth_imbalance",
    "trade_intensity",
    "realized_vol_50",
    "leverage_proxy",
    "kyle_lambda",
    "vpin",
    "flash_crash_flag",
    "mean_wealth_t",
    "pct_insolvent",
    "wealth_concentration"
  ]
}