{
  "scenario": "llm",
  "calibration_phase": "pre",
  "n_runs": 5,
  "n_rows": 58750,
  "tick_ms": 100,
  "crash_window_ticks": 10,
  "crash_threshold_pct": 1.93,
  "min_price_fraction": 0.6,
  "flash_crash_rate": 0.0,
  "run_max_drawdown_pct": {
    "mean": 0.32485952495627685,
    "p50": 0.3119197272120596,
    "p90": 0.42315811398925973,
    "p95": 0.43353416214549484,
    "p99": 0.441835000670483,
    "max": 0.44391021030173
  },
  "mean_ofi_pre": 0.04630280950636842,
  "mean_ofi_drop": -5.617695037981217,
  "mean_wealth_by_phase": {
    "drop": 841955.9553824385,
    "post": 939414.275715977,
    "pre": 175074.31044056025,
    "recovery": 1345227.1255470945
  },
  "pct_insolvent_peak": 0.21,
  "wealth_concentration_drop": 0.9333456014385569,
  "columns": [
    "run_id",
    "event_id",
    "tick_ms",
    "phase",
    "close",
    "mid_price",
    "ofi",
    "spread_bps",
    "depth_imbalance",
    "trade_intensity",
    "realized_vol_50",
    "leverage_proxy",
    "kyle_lambda",
    "vpin",
    "flash_crash_flag",
    "mean_wealth_t",
    "pct_insolvent",
    "wealth_concentration"
  ]
}