{
  "scenario": "llm",
  "config_json": "config/phase2_canonical_config.json",
  "calibration_phase": "pre",
  "n_runs": 25,
  "n_rows": 293750,
  "tick_ms": 100,
  "crash_window_ticks": 10,
  "crash_threshold_pct": 1.93,
  "min_price_fraction": 0.5,
  "flash_crash_rate": 0.32,
  "run_max_drawdown_pct": {
    "mean": 1.5394624231623655,
    "p50": 1.2934602507471975,
    "p90": 2.7073180713231997,
    "p95": 2.782069362094025,
    "p99": 3.039528216035213,
    "max": 3.1151893153389336
  },
  "mean_ofi_pre": 0.24717646935113477,
  "mean_ofi_drop": -4.971394035264461,
  "mean_wealth_by_phase": {
    "drop": 528685.0903456326,
    "post": 479167.57461047394,
    "pre": 175967.71953722087,
    "recovery": 599149.2453006704
  },
  "pct_insolvent_peak": 0.32,
  "wealth_concentration_drop": 0.9339336365352006,
  "columns": [
    "run_id",
    "event_id",
    "tick_ms",
    "phase",
    "close",
    "mid_price",
    "ofi",
    "spread_bps",
    "depth_imbalance",
    "trade_intensity",
    "realized_vol_50",
    "leverage_proxy",
    "kyle_lambda",
    "vpin",
    "flash_crash_flag",
    "mean_wealth_t",
    "pct_insolvent",
    "wealth_concentration"
  ]
}