{
  "scenario": "llm",
  "config_json": "config/phase2_canonical_config.json",
  "calibration_phase": "pre",
  "n_runs": 25,
  "n_rows": 292350,
  "tick_ms": 100,
  "crash_window_ticks": 10,
  "crash_threshold_pct": 1.93,
  "min_price_fraction": 0.5,
  "flash_crash_rate": 0.12,
  "run_max_drawdown_pct": {
    "mean": 1.2588064157643684,
    "p50": 1.0784166399013135,
    "p90": 2.133837094294572,
    "p95": 2.465326363224288,
    "p99": 2.690737803700884,
    "max": 2.7524285660043817
  },
  "mean_ofi_pre": 0.16358734613544365,
  "mean_ofi_drop": -5.0887946593399285,
  "mean_wealth_by_phase": {
    "drop": 656221.4497232193,
    "post": 675450.1469990812,
    "pre": 175545.5562658185,
    "recovery": 771348.6017163096
  },
  "pct_insolvent_peak": 0.31,
  "wealth_concentration_drop": 0.9003298905171865,
  "columns": [
    "run_id",
    "event_id",
    "tick_ms",
    "phase",
    "close",
    "mid_price",
    "ofi",
    "spread_bps",
    "depth_imbalance",
    "trade_intensity",
    "realized_vol_50",
    "leverage_proxy",
    "kyle_lambda",
    "vpin",
    "flash_crash_flag",
    "mean_wealth_t",
    "pct_insolvent",
    "wealth_concentration"
  ]
}