{
  "cfg_label": "cfgC_dim350_dsp020_rdamp0135",
  "input_dir": "data/processed/tardis/phase2_outputs/rescue_sweep_cfgC_dim350_dsp020_rdamp_v1/cfgC_dim350_dsp020_rdamp0135/raw",
  "panel_file": "data/processed/tardis/phase2_outputs/rescue_sweep_cfgC_dim350_dsp020_rdamp_v1/cfgC_dim350_dsp020_rdamp0135/censored_panel.csv",
  "guard_window": 5,
  "crash_window": 10,
  "min_price_fraction": 0.6,
  "n_shards": 4,
  "n_runs": 20,
  "raw_rows_total": 232800,
  "censored_rows_total": 108158,
  "crash_rate_raw": 0.25,
  "crash_rate_censored": 0.25,
  "avg_frac_at_min_censored": 0.0,
  "floor_exposure": 0.0,
  "usable_fraction_total_mean": 0.4661883034421298,
  "usable_fraction_drop_mean": 0.58158,
  "drawdown_at_first_crash": {
    "mean": 2.7245773591746554,
    "p50": 2.8169265829469268,
    "p95": 3.4788234405558884
  },
  "ofi_first_crash": {
    "mean": -6.92752901675126,
    "p50": -7.228940351939047,
    "p95": -5.7208738306491735
  },
  "ofi_crash_window": {
    "mean": -5.717526663393097,
    "p50": -5.636923999696355,
    "p95": -5.314527371522177
  },
  "spread_crash_window": {
    "mean": 3.4810624428000003,
    "p50": 3.38362804,
    "p95": 3.627214047
  },
  "spread_pre": {
    "mean": 5.819488109999999,
    "p50": 5.819488109999999,
    "p95": 5.819488109999999
  },
  "depth_crash_window": {
    "mean": -0.22345977799672884,
    "p50": -0.22081357122866088,
    "p95": -0.20743750036411768
  },
  "depth_pre": {
    "mean": 0.0222687772865683,
    "p50": 0.022579263142276342,
    "p95": 0.02356858921083365
  },
  "per_run_metrics_csv": "data/processed/tardis/phase2_outputs/rescue_sweep_cfgC_dim350_dsp020_rdamp_v1/cfgC_dim350_dsp020_rdamp0135/analysis/censored/per_run_censored_metrics.csv",
  "per_shard_metrics_csv": "data/processed/tardis/phase2_outputs/rescue_sweep_cfgC_dim350_dsp020_rdamp_v1/cfgC_dim350_dsp020_rdamp0135/analysis/censored/per_shard_censored_metrics.csv"
}