{
  "cfg_label": "cfgC_dim350_dsp020_rdamp012",
  "input_dir": "data/processed/tardis/phase2_outputs/rescue_sweep_cfgC_dim350_dsp020_rdamp_v1/cfgC_dim350_dsp020_rdamp012/raw",
  "panel_file": "data/processed/tardis/phase2_outputs/rescue_sweep_cfgC_dim350_dsp020_rdamp_v1/cfgC_dim350_dsp020_rdamp012/censored_panel.csv",
  "guard_window": 5,
  "crash_window": 10,
  "min_price_fraction": 0.6,
  "n_shards": 4,
  "n_runs": 20,
  "raw_rows_total": 228600,
  "censored_rows_total": 163590,
  "crash_rate_raw": 0.05,
  "crash_rate_censored": 0.05,
  "avg_frac_at_min_censored": 0.0,
  "floor_exposure": 0.0,
  "usable_fraction_total_mean": 0.7145296884394117,
  "usable_fraction_drop_mean": 0.7999,
  "drawdown_at_first_crash": {
    "mean": 1.967050579958611,
    "p50": 1.967050579958611,
    "p95": 1.967050579958611
  },
  "ofi_first_crash": {
    "mean": -4.426129033705117,
    "p50": -4.426129033705117,
    "p95": -4.426129033705117
  },
  "ofi_crash_window": {
    "mean": -5.677091825847816,
    "p50": -5.677091825847816,
    "p95": -5.677091825847816
  },
  "spread_crash_window": {
    "mean": 3.870800053999999,
    "p50": 3.870800053999999,
    "p95": 3.870800053999999
  },
  "spread_pre": {
    "mean": 5.819488109999999,
    "p50": 5.819488109999999,
    "p95": 5.819488109999999
  },
  "depth_crash_window": {
    "mean": -0.2209639298566533,
    "p50": -0.2209639298566533,
    "p95": -0.2209639298566533
  },
  "depth_pre": {
    "mean": 0.023503857379514857,
    "p50": 0.023503857379514857,
    "p95": 0.023503857379514857
  },
  "per_run_metrics_csv": "data/processed/tardis/phase2_outputs/rescue_sweep_cfgC_dim350_dsp020_rdamp_v1/cfgC_dim350_dsp020_rdamp012/analysis/censored/per_run_censored_metrics.csv",
  "per_shard_metrics_csv": "data/processed/tardis/phase2_outputs/rescue_sweep_cfgC_dim350_dsp020_rdamp_v1/cfgC_dim350_dsp020_rdamp012/analysis/censored/per_shard_censored_metrics.csv"
}