{
  "scenario": "llm",
  "calibration_phase": "pre",
  "n_runs": 5,
  "n_rows": 56550,
  "tick_ms": 100,
  "crash_window_ticks": 10,
  "crash_threshold_pct": 1.93,
  "min_price_fraction": 0.6,
  "flash_crash_rate": 0.2,
  "run_max_drawdown_pct": {
    "mean": 0.7148712424419544,
    "p50": 0.46690276053529417,
    "p90": 1.4698106929099755,
    "p95": 1.778824358853827,
    "p99": 2.0260352916089093,
    "max": 2.0878380247976795
  },
  "mean_ofi_pre": 0.16417491168504755,
  "mean_ofi_drop": -5.403572131449975,
  "mean_wealth_by_phase": {
    "drop": 629006.6938718173,
    "post": 863577.128611403,
    "pre": 175588.37411215293,
    "recovery": 1007438.2671144237
  },
  "pct_insolvent_peak": 0.2,
  "wealth_concentration_drop": 0.9597837404840246,
  "columns": [
    "run_id",
    "event_id",
    "tick_ms",
    "phase",
    "close",
    "mid_price",
    "ofi",
    "spread_bps",
    "depth_imbalance",
    "trade_intensity",
    "realized_vol_50",
    "leverage_proxy",
    "kyle_lambda",
    "vpin",
    "flash_crash_flag",
    "mean_wealth_t",
    "pct_insolvent",
    "wealth_concentration"
  ]
}