{
  "scenario": "llm",
  "calibration_phase": "pre",
  "n_runs": 5,
  "n_rows": 58750,
  "tick_ms": 100,
  "crash_window_ticks": 10,
  "crash_threshold_pct": 1.93,
  "min_price_fraction": 0.6,
  "flash_crash_rate": 0.2,
  "run_max_drawdown_pct": {
    "mean": 0.868798435276543,
    "p50": 0.6050284077099102,
    "p90": 1.6014279163572485,
    "p95": 1.7975359155373825,
    "p99": 1.95442231488149,
    "max": 1.993643914717517
  },
  "mean_ofi_pre": 0.23884924389092366,
  "mean_ofi_drop": -5.272757530623756,
  "mean_wealth_by_phase": {
    "drop": 542988.0359792068,
    "post": 590157.4716931508,
    "pre": 175854.90137938122,
    "recovery": 780265.5693961267
  },
  "pct_insolvent_peak": 0.21,
  "wealth_concentration_drop": 0.9687611925162634,
  "columns": [
    "run_id",
    "event_id",
    "tick_ms",
    "phase",
    "close",
    "mid_price",
    "ofi",
    "spread_bps",
    "depth_imbalance",
    "trade_intensity",
    "realized_vol_50",
    "leverage_proxy",
    "kyle_lambda",
    "vpin",
    "flash_crash_flag",
    "mean_wealth_t",
    "pct_insolvent",
    "wealth_concentration"
  ]
}