{
  "scenario": "llm",
  "calibration_phase": "pre",
  "n_runs": 5,
  "n_rows": 58750,
  "tick_ms": 100,
  "crash_window_ticks": 10,
  "crash_threshold_pct": 1.93,
  "min_price_fraction": 0.6,
  "flash_crash_rate": 0.4,
  "run_max_drawdown_pct": {
    "mean": 1.2636829123366866,
    "p50": 0.49789159179328246,
    "p90": 2.562098576560971,
    "p95": 2.637749598315017,
    "p99": 2.6982704157182535,
    "max": 2.713400620069063
  },
  "mean_ofi_pre": 0.2976997589681368,
  "mean_ofi_drop": -5.156862285082302,
  "mean_wealth_by_phase": {
    "drop": 520860.0075148878,
    "post": 636824.2395053318,
    "pre": 176324.94488065806,
    "recovery": 867251.6196604255
  },
  "pct_insolvent_peak": 0.2,
  "wealth_concentration_drop": 0.9949444027404506,
  "columns": [
    "run_id",
    "event_id",
    "tick_ms",
    "phase",
    "close",
    "mid_price",
    "ofi",
    "spread_bps",
    "depth_imbalance",
    "trade_intensity",
    "realized_vol_50",
    "leverage_proxy",
    "kyle_lambda",
    "vpin",
    "flash_crash_flag",
    "mean_wealth_t",
    "pct_insolvent",
    "wealth_concentration"
  ]
}