{
  "scenario": "llm",
  "calibration_phase": "pre",
  "n_runs": 5,
  "n_rows": 58750,
  "tick_ms": 100,
  "crash_window_ticks": 10,
  "crash_threshold_pct": 1.93,
  "min_price_fraction": 0.6,
  "flash_crash_rate": 0.2,
  "run_max_drawdown_pct": {
    "mean": 0.9253645340757863,
    "p50": 0.43766267469158926,
    "p90": 1.9430365330295976,
    "p95": 2.2413894336104923,
    "p99": 2.480071754075208,
    "max": 2.5397423341913874
  },
  "mean_ofi_pre": 0.21016526110464223,
  "mean_ofi_drop": -5.415234248121368,
  "mean_wealth_by_phase": {
    "drop": 596142.4025425392,
    "post": 725965.2322721103,
    "pre": 175869.14658864916,
    "recovery": 1008333.3350061012
  },
  "pct_insolvent_peak": 0.2,
  "wealth_concentration_drop": 0.9634902733159568,
  "columns": [
    "run_id",
    "event_id",
    "tick_ms",
    "phase",
    "close",
    "mid_price",
    "ofi",
    "spread_bps",
    "depth_imbalance",
    "trade_intensity",
    "realized_vol_50",
    "leverage_proxy",
    "kyle_lambda",
    "vpin",
    "flash_crash_flag",
    "mean_wealth_t",
    "pct_insolvent",
    "wealth_concentration"
  ]
}