{
  "scenario": "llm",
  "calibration_phase": "pre",
  "n_runs": 5,
  "n_rows": 57350,
  "tick_ms": 100,
  "crash_window_ticks": 10,
  "crash_threshold_pct": 1.93,
  "min_price_fraction": 0.6,
  "flash_crash_rate": 0.2,
  "run_max_drawdown_pct": {
    "mean": 0.978226074316073,
    "p50": 1.0987594887699212,
    "p90": 1.7757465587917265,
    "p95": 1.9906712106305637,
    "p99": 2.162610932101634,
    "max": 2.2055958624694014
  },
  "mean_ofi_pre": 0.24777006824455014,
  "mean_ofi_drop": -5.142826028520769,
  "mean_wealth_by_phase": {
    "drop": 516644.3227083327,
    "post": 784765.3523815788,
    "pre": 175995.78601417853,
    "recovery": 860829.7252618419
  },
  "pct_insolvent_peak": 0.2,
  "wealth_concentration_drop": 0.9826616703010311,
  "columns": [
    "run_id",
    "event_id",
    "tick_ms",
    "phase",
    "close",
    "mid_price",
    "ofi",
    "spread_bps",
    "depth_imbalance",
    "trade_intensity",
    "realized_vol_50",
    "leverage_proxy",
    "kyle_lambda",
    "vpin",
    "flash_crash_flag",
    "mean_wealth_t",
    "pct_insolvent",
    "wealth_concentration"
  ]
}