{
  "scenario": "llm",
  "calibration_phase": "pre",
  "n_runs": 5,
  "n_rows": 58750,
  "tick_ms": 100,
  "crash_window_ticks": 10,
  "crash_threshold_pct": 1.93,
  "min_price_fraction": 0.6,
  "flash_crash_rate": 0.0,
  "run_max_drawdown_pct": {
    "mean": 0.38470447761228993,
    "p50": 0.2667143233956023,
    "p90": 0.7081711916757973,
    "p95": 0.8544292796965067,
    "p99": 0.9714357501130744,
    "max": 1.0006873677172163
  },
  "mean_ofi_pre": 0.08074066465694511,
  "mean_ofi_drop": -5.424365287947794,
  "mean_wealth_by_phase": {
    "drop": 723530.1682515359,
    "post": 1170124.0283153716,
    "pre": 175250.83508902704,
    "recovery": 1592850.9350061775
  },
  "pct_insolvent_peak": 0.2,
  "wealth_concentration_drop": 0.942209232918222,
  "columns": [
    "run_id",
    "event_id",
    "tick_ms",
    "phase",
    "close",
    "mid_price",
    "ofi",
    "spread_bps",
    "depth_imbalance",
    "trade_intensity",
    "realized_vol_50",
    "leverage_proxy",
    "kyle_lambda",
    "vpin",
    "flash_crash_flag",
    "mean_wealth_t",
    "pct_insolvent",
    "wealth_concentration"
  ]
}