{
  "scenario": "llm",
  "calibration_phase": "pre",
  "n_runs": 5,
  "n_rows": 56350,
  "tick_ms": 100,
  "crash_window_ticks": 10,
  "crash_threshold_pct": 1.93,
  "min_price_fraction": 0.6,
  "flash_crash_rate": 0.0,
  "run_max_drawdown_pct": {
    "mean": 0.37127511391114193,
    "p50": 0.38330216123770716,
    "p90": 0.5496910178621427,
    "p95": 0.5569437284210323,
    "p99": 0.562745896868144,
    "max": 0.564196438979922
  },
  "mean_ofi_pre": 0.0916316360928586,
  "mean_ofi_drop": -5.553873308899696,
  "mean_wealth_by_phase": {
    "drop": 704094.8834760698,
    "post": 1046226.6612674919,
    "pre": 175164.3183813617,
    "recovery": 1343942.6806203213
  },
  "pct_insolvent_peak": 0.2,
  "wealth_concentration_drop": 0.925250880902228,
  "columns": [
    "run_id",
    "event_id",
    "tick_ms",
    "phase",
    "close",
    "mid_price",
    "ofi",
    "spread_bps",
    "depth_imbalance",
    "trade_intensity",
    "realized_vol_50",
    "leverage_proxy",
    "kyle_lambda",
    "vpin",
    "flash_crash_flag",
    "mean_wealth_t",
    "pct_insolvent",
    "wealth_concentration"
  ]
}