{
  "metadata": {
    "description": "Empirical prior anchors for Phase-1 LLM elicitation",
    "source": "Event_Dynamics_100ms_gridded.csv",
    "n_events": 66,
    "n_rows": 1236467,
    "phases": [
      "pre",
      "drop",
      "recovery",
      "post",
      "normal_bull",
      "normal_bear"
    ],
    "has_normal_baseline": true
  },
  "ofi_percentiles_per_phase": {
    "pre": {
      "p05": -6.50335,
      "p25": -0.586,
      "p50": 0.003,
      "p75": 0.667,
      "p95": 7.88805
    },
    "drop": {
      "p05": -19.5819,
      "p25": -2.376,
      "p50": -0.117,
      "p75": 1.0135,
      "p95": 9.9723
    },
    "recovery": {
      "p05": -13.84075,
      "p25": -1.833,
      "p50": 0.091,
      "p75": 2.396,
      "p95": 15.0955
    },
    "post": {
      "p05": -6.43,
      "p25": -0.828,
      "p50": 0.002,
      "p75": 0.791,
      "p95": 6.745
    },
    "normal_bull": {
      "p05": -0.941,
      "p25": -0.058,
      "p50": 0.001,
      "p75": 0.057,
      "p95": 0.966
    },
    "normal_bear": {
      "p05": -2.0,
      "p25": -0.087,
      "p50": 0.001,
      "p75": 0.087,
      "p95": 2.0
    }
  },
  "trade_intensity_per_phase": {
    "pre": {
      "mean": 140.64998367,
      "std": 307.99599205,
      "median": 40.0,
      "n": 82679
    },
    "drop": {
      "mean": 311.59877394,
      "std": 595.27654818,
      "median": 180.0,
      "n": 167691
    },
    "recovery": {
      "mean": 303.82543185,
      "std": 452.6277394,
      "median": 180.0,
      "n": 65705
    },
    "post": {
      "mean": 168.05571974,
      "std": 320.71081759,
      "median": 90.0,
      "n": 920392
    },
    "normal_bull": {
      "mean": 36.14613467,
      "std": 101.62777694,
      "median": 10.0,
      "n": 2600218
    },
    "normal_bear": {
      "mean": 23.98184296,
      "std": 55.64624413,
      "median": 10.0,
      "n": 1988760
    }
  },
  "kyle_lambda_per_phase": {
    "pre": {
      "mean": 0.59826642,
      "std": 0.69440238,
      "median": 0.32590568,
      "n": 82679
    },
    "drop": {
      "mean": 0.62814562,
      "std": 0.79318042,
      "median": 0.36658596,
      "n": 167691
    },
    "recovery": {
      "mean": 0.46673267,
      "std": 1.15699777,
      "median": 0.19480905,
      "n": 65705
    },
    "post": {
      "mean": 0.88753676,
      "std": 2.20418888,
      "median": 0.50745523,
      "n": 920392
    },
    "normal_bull": {
      "mean": 0.95217203,
      "std": 0.81352243,
      "median": 0.76801848,
      "n": 2600218
    },
    "normal_bear": {
      "mean": 0.07910858,
      "std": 0.07725316,
      "median": 0.05918274,
      "n": 1988760
    }
  },
  "realized_vol_per_phase": {
    "pre": {
      "mean": 0.00101183,
      "std": 0.00155662,
      "median": 0.00056551,
      "n": 82679
    },
    "drop": {
      "mean": 0.00250743,
      "std": 0.00375318,
      "median": 0.0013788,
      "n": 167691
    },
    "recovery": {
      "mean": 0.00260621,
      "std": 0.00399247,
      "median": 0.00140349,
      "n": 65705
    },
    "post": {
      "mean": 0.00145201,
      "std": 0.00328891,
      "median": 0.0009298,
      "n": 920392
    },
    "normal_bull": {
      "mean": 0.00024861,
      "std": 0.00027481,
      "median": 0.00021258,
      "n": 2600218
    },
    "normal_bear": {
      "mean": 0.00011896,
      "std": 0.00013717,
      "median": 9.144e-05,
      "n": 1988760
    }
  },
  "spread_bps_per_phase": {
    "pre": {
      "mean": 5.81948811,
      "std": 46.12404865,
      "median": 0.32244978,
      "n": 82679
    },
    "drop": {
      "mean": 3.38362804,
      "std": 82.44430746,
      "median": 0.2964285,
      "n": 167691
    },
    "recovery": {
      "mean": 0.8997405,
      "std": 15.85663704,
      "median": 0.19094972,
      "n": 65705
    },
    "post": {
      "mean": 5.67054629,
      "std": 60.43201365,
      "median": 0.43147154,
      "n": 920392
    },
    "normal_bull": {
      "mean": null,
      "std": null,
      "median": null,
      "n": 0
    },
    "normal_bear": {
      "mean": null,
      "std": null,
      "median": null,
      "n": 0
    }
  },
  "depth_imbalance_per_phase": {
    "pre": {
      "mean": 4.5e-07,
      "std": 0.00063181,
      "median": 0.0,
      "n": 82679
    },
    "drop": {
      "mean": -5.077e-05,
      "std": 0.00062359,
      "median": -1e-06,
      "n": 167691
    },
    "recovery": {
      "mean": 9.41e-06,
      "std": 0.00063155,
      "median": 0.0,
      "n": 65705
    },
    "post": {
      "mean": 7.03e-06,
      "std": 0.00090505,
      "median": 0.0,
      "n": 920392
    },
    "normal_bull": {
      "mean": null,
      "std": null,
      "median": null,
      "n": 0
    },
    "normal_bear": {
      "mean": null,
      "std": null,
      "median": null,
      "n": 0
    }
  },
  "vpin_per_phase": {
    "pre": {
      "mean": 0.30346467,
      "std": 0.21639194,
      "median": 0.26514968,
      "n": 82679
    },
    "drop": {
      "mean": 0.30649358,
      "std": 0.21491328,
      "median": 0.27196019,
      "n": 167691
    },
    "recovery": {
      "mean": 0.2275364,
      "std": 0.16577896,
      "median": 0.1944839,
      "n": 65705
    },
    "post": {
      "mean": 0.26494727,
      "std": 0.19288421,
      "median": 0.22708138,
      "n": 920392
    },
    "normal_bull": {
      "mean": 0.37594362,
      "std": 0.23832501,
      "median": 0.35389145,
      "n": 2600218
    },
    "normal_bear": {
      "mean": 0.41890681,
      "std": 0.25729303,
      "median": 0.40267411,
      "n": 1988760
    }
  },
  "amihud_per_phase": {
    "pre": {
      "mean": 3e-08,
      "std": 2.4e-07,
      "median": 0.0,
      "n": 82679
    },
    "drop": {
      "mean": 1e-08,
      "std": 7.4e-07,
      "median": 0.0,
      "n": 167691
    },
    "recovery": {
      "mean": 1e-08,
      "std": 1.5e-07,
      "median": 0.0,
      "n": 65705
    },
    "post": {
      "mean": 3e-08,
      "std": 3.1e-07,
      "median": 0.0,
      "n": 920392
    },
    "normal_bull": {
      "mean": 2e-08,
      "std": 1e-07,
      "median": 0.0,
      "n": 2600218
    },
    "normal_bear": {
      "mean": 2e-08,
      "std": 1.2e-07,
      "median": 0.0,
      "n": 1988760
    }
  },
  "noise_trader_lambda": {
    "pre": 140.64998367,
    "drop": 311.59877394,
    "recovery": 303.82543185,
    "post": 168.05571974,
    "normal_bull": 36.14613467,
    "normal_bear": 23.98184296
  },
  "order_size_pareto_alpha": {
    "pre": 0.0244,
    "drop": 0.0239,
    "recovery": 0.0241,
    "post": 0.0243,
    "all": 0.0242,
    "normal_bull": 0.0258,
    "normal_bear": 0.0256
  },
  "normal_baseline": {
    "source": "baseline_prior_stats.json",
    "labels": [
      "normal_bull",
      "normal_bear"
    ]
  }
}