{
  "scenario": "uniform",
  "config_json": "config/phase2_canonical_config.json",
  "calibration_phase": "normal_bull",
  "n_runs": 1,
  "n_rows": 11750,
  "tick_ms": 100,
  "crash_window_ticks": 10,
  "crash_threshold_pct": 1.93,
  "min_price_fraction": 0.7,
  "flash_crash_rate": 0.0,
  "run_max_drawdown_pct": {
    "mean": 0.030432502399324025,
    "p50": 0.030432502399324025,
    "p90": 0.030432502399324025,
    "p95": 0.030432502399324025,
    "p99": 0.030432502399324025,
    "max": 0.030432502399324025
  },
  "mean_ofi_pre": 0.02349526790315206,
  "mean_ofi_drop": -0.21928344395006488,
  "mean_wealth_by_phase": {
    "drop": 181026.06008198857,
    "post": 193763.44102595263,
    "pre": 175008.09789497888,
    "recovery": 192007.84437604697
  },
  "pct_insolvent_peak": 0.0,
  "wealth_concentration_drop": 0.939087627551109,
  "columns": [
    "run_id",
    "event_id",
    "tick_ms",
    "phase",
    "close",
    "mid_price",
    "ofi",
    "spread_bps",
    "depth_imbalance",
    "trade_intensity",
    "realized_vol_50",
    "leverage_proxy",
    "kyle_lambda",
    "vpin",
    "flash_crash_flag",
    "mean_wealth_t",
    "pct_insolvent",
    "wealth_concentration"
  ]
}