{
  "scenario": "llm",
  "calibration_phase": "pre",
  "n_runs": 5,
  "n_rows": 56150,
  "tick_ms": 100,
  "crash_window_ticks": 10,
  "crash_threshold_pct": 1.93,
  "min_price_fraction": 0.6,
  "flash_crash_rate": 0.0,
  "run_max_drawdown_pct": {
    "mean": 0.1959872893881548,
    "p50": 0.1610149628040977,
    "p90": 0.2681695160041901,
    "p95": 0.2731151469239402,
    "p99": 0.27707165165974024,
    "max": 0.27806077784369027
  },
  "mean_ofi_pre": 0.06268332175614087,
  "mean_ofi_drop": -5.444916771809291,
  "mean_wealth_by_phase": {
    "drop": 593683.4088501269,
    "post": 782526.0066694815,
    "pre": 175091.8945176034,
    "recovery": 1139050.1334638502
  },
  "pct_insolvent_peak": 0.2,
  "wealth_concentration_drop": 0.9050775763671696,
  "columns": [
    "run_id",
    "event_id",
    "tick_ms",
    "phase",
    "close",
    "mid_price",
    "ofi",
    "spread_bps",
    "depth_imbalance",
    "trade_intensity",
    "realized_vol_50",
    "leverage_proxy",
    "kyle_lambda",
    "vpin",
    "flash_crash_flag",
    "mean_wealth_t",
    "pct_insolvent",
    "wealth_concentration"
  ]
}