{
  "scenario": "llm",
  "calibration_phase": "pre",
  "n_runs": 5,
  "n_rows": 58750,
  "tick_ms": 100,
  "crash_window_ticks": 10,
  "crash_threshold_pct": 1.93,
  "min_price_fraction": 0.6,
  "flash_crash_rate": 0.0,
  "run_max_drawdown_pct": {
    "mean": 0.4363845699583928,
    "p50": 0.3223776292293634,
    "p90": 0.7777830542821551,
    "p95": 0.8128507955363828,
    "p99": 0.8409049885397653,
    "max": 0.8479185367906108
  },
  "mean_ofi_pre": 0.18246668867853397,
  "mean_ofi_drop": -3.3150270017105945,
  "mean_wealth_by_phase": {
    "drop": 341770.20006334333,
    "post": 410084.3099408348,
    "pre": 175539.65591509253,
    "recovery": 549348.7631796665
  },
  "pct_insolvent_peak": 0.19,
  "wealth_concentration_drop": 0.9203442811680562,
  "columns": [
    "run_id",
    "event_id",
    "tick_ms",
    "phase",
    "close",
    "mid_price",
    "ofi",
    "spread_bps",
    "depth_imbalance",
    "trade_intensity",
    "realized_vol_50",
    "leverage_proxy",
    "kyle_lambda",
    "vpin",
    "flash_crash_flag",
    "mean_wealth_t",
    "pct_insolvent",
    "wealth_concentration"
  ]
}