{
  "scenario": "llm",
  "calibration_phase": "pre",
  "n_runs": 5,
  "n_rows": 58750,
  "tick_ms": 100,
  "crash_window_ticks": 10,
  "crash_threshold_pct": 1.93,
  "min_price_fraction": 0.6,
  "flash_crash_rate": 0.0,
  "run_max_drawdown_pct": {
    "mean": 0.3531446642147123,
    "p50": 0.31957367462611813,
    "p90": 0.457492490713648,
    "p95": 0.46518315615721834,
    "p99": 0.4713356885120746,
    "max": 0.47287382160078867
  },
  "mean_ofi_pre": 0.07825700009944606,
  "mean_ofi_drop": -5.600632327441167,
  "mean_wealth_by_phase": {
    "drop": 642550.1740589278,
    "post": 785950.0682611292,
    "pre": 175145.7284706277,
    "recovery": 1237260.7710494085
  },
  "pct_insolvent_peak": 0.2,
  "wealth_concentration_drop": 0.9098313606399377,
  "columns": [
    "run_id",
    "event_id",
    "tick_ms",
    "phase",
    "close",
    "mid_price",
    "ofi",
    "spread_bps",
    "depth_imbalance",
    "trade_intensity",
    "realized_vol_50",
    "leverage_proxy",
    "kyle_lambda",
    "vpin",
    "flash_crash_flag",
    "mean_wealth_t",
    "pct_insolvent",
    "wealth_concentration"
  ]
}