{
  "scenario": "llm",
  "calibration_phase": "pre",
  "n_runs": 5,
  "n_rows": 58750,
  "tick_ms": 100,
  "crash_window_ticks": 10,
  "crash_threshold_pct": 1.93,
  "min_price_fraction": 0.6,
  "flash_crash_rate": 0.0,
  "run_max_drawdown_pct": {
    "mean": 0.6063299949614649,
    "p50": 0.34195586870319084,
    "p90": 1.2006807398433372,
    "p95": 1.4751070943891746,
    "p99": 1.694648178025845,
    "max": 1.7495334489350127
  },
  "mean_ofi_pre": 0.1739152349750211,
  "mean_ofi_drop": -3.290785816273904,
  "mean_wealth_by_phase": {
    "drop": 345491.25556899596,
    "post": 399922.3590523045,
    "pre": 175691.2773304866,
    "recovery": 572389.9061822311
  },
  "pct_insolvent_peak": 0.2,
  "wealth_concentration_drop": 0.9512709817346663,
  "columns": [
    "run_id",
    "event_id",
    "tick_ms",
    "phase",
    "close",
    "mid_price",
    "ofi",
    "spread_bps",
    "depth_imbalance",
    "trade_intensity",
    "realized_vol_50",
    "leverage_proxy",
    "kyle_lambda",
    "vpin",
    "flash_crash_flag",
    "mean_wealth_t",
    "pct_insolvent",
    "wealth_concentration"
  ]
}