{
  "scenario": "llm",
  "calibration_phase": "pre",
  "n_runs": 5,
  "n_rows": 58750,
  "tick_ms": 100,
  "crash_window_ticks": 10,
  "crash_threshold_pct": 1.93,
  "min_price_fraction": 0.6,
  "flash_crash_rate": 0.0,
  "run_max_drawdown_pct": {
    "mean": 0.3933391612161295,
    "p50": 0.3963673078709429,
    "p90": 0.5629066942777855,
    "p95": 0.5926531865630333,
    "p99": 0.6164503803912316,
    "max": 0.6223996788482812
  },
  "mean_ofi_pre": 0.16924386395793284,
  "mean_ofi_drop": -3.38500074532587,
  "mean_wealth_by_phase": {
    "drop": 349704.35438563407,
    "post": 433947.06680502795,
    "pre": 175411.97520804638,
    "recovery": 589021.7991260923
  },
  "pct_insolvent_peak": 0.19,
  "wealth_concentration_drop": 0.9034726601908515,
  "columns": [
    "run_id",
    "event_id",
    "tick_ms",
    "phase",
    "close",
    "mid_price",
    "ofi",
    "spread_bps",
    "depth_imbalance",
    "trade_intensity",
    "realized_vol_50",
    "leverage_proxy",
    "kyle_lambda",
    "vpin",
    "flash_crash_flag",
    "mean_wealth_t",
    "pct_insolvent",
    "wealth_concentration"
  ]
}