{
  "scenario": "llm",
  "calibration_phase": "pre",
  "n_runs": 5,
  "n_rows": 58750,
  "tick_ms": 100,
  "crash_window_ticks": 10,
  "crash_threshold_pct": 1.93,
  "min_price_fraction": 0.6,
  "flash_crash_rate": 0.0,
  "run_max_drawdown_pct": {
    "mean": 0.21277067233619099,
    "p50": 0.20323347844115972,
    "p90": 0.277948033420128,
    "p95": 0.29861539915294266,
    "p99": 0.31514929173919437,
    "max": 0.3192827648857573
  },
  "mean_ofi_pre": 0.05111141997651959,
  "mean_ofi_drop": -4.380506767089455,
  "mean_wealth_by_phase": {
    "drop": 497561.3269994971,
    "post": 588742.8394883635,
    "pre": 175091.80023498027,
    "recovery": 915646.1253362556
  },
  "pct_insolvent_peak": 0.2,
  "wealth_concentration_drop": 0.8952036394806685,
  "columns": [
    "run_id",
    "event_id",
    "tick_ms",
    "phase",
    "close",
    "mid_price",
    "ofi",
    "spread_bps",
    "depth_imbalance",
    "trade_intensity",
    "realized_vol_50",
    "leverage_proxy",
    "kyle_lambda",
    "vpin",
    "flash_crash_flag",
    "mean_wealth_t",
    "pct_insolvent",
    "wealth_concentration"
  ]
}