{
  "scenario": "llm",
  "calibration_phase": "pre",
  "n_runs": 5,
  "n_rows": 58750,
  "tick_ms": 100,
  "crash_window_ticks": 10,
  "crash_threshold_pct": 1.93,
  "min_price_fraction": 0.6,
  "flash_crash_rate": 0.0,
  "run_max_drawdown_pct": {
    "mean": 0.41683283169208424,
    "p50": 0.3398418355001494,
    "p90": 0.7054287620413665,
    "p95": 0.8272499273467052,
    "p99": 0.9247068595909764,
    "max": 0.9490710926520443
  },
  "mean_ofi_pre": 0.1445763312988828,
  "mean_ofi_drop": -5.557176168462881,
  "mean_wealth_by_phase": {
    "drop": 543155.5960169534,
    "post": 707113.0512169146,
    "pre": 175382.28564210125,
    "recovery": 1014221.3208222472
  },
  "pct_insolvent_peak": 0.2,
  "wealth_concentration_drop": 0.8859030007716003,
  "columns": [
    "run_id",
    "event_id",
    "tick_ms",
    "phase",
    "close",
    "mid_price",
    "ofi",
    "spread_bps",
    "depth_imbalance",
    "trade_intensity",
    "realized_vol_50",
    "leverage_proxy",
    "kyle_lambda",
    "vpin",
    "flash_crash_flag",
    "mean_wealth_t",
    "pct_insolvent",
    "wealth_concentration"
  ]
}