{
  "scenario": "llm",
  "calibration_phase": "pre",
  "n_runs": 5,
  "n_rows": 58750,
  "tick_ms": 100,
  "crash_window_ticks": 10,
  "crash_threshold_pct": 1.93,
  "min_price_fraction": 0.6,
  "flash_crash_rate": 0.0,
  "run_max_drawdown_pct": {
    "mean": 0.2948314905376156,
    "p50": 0.2612107230164696,
    "p90": 0.38795854786633793,
    "p95": 0.4038770322274238,
    "p99": 0.4166118197162926,
    "max": 0.4197955165885098
  },
  "mean_ofi_pre": 0.09145696951068201,
  "mean_ofi_drop": -3.4412729711689476,
  "mean_wealth_by_phase": {
    "drop": 362601.3775394707,
    "post": 422860.21352274454,
    "pre": 175171.83015492462,
    "recovery": 604947.007112703
  },
  "pct_insolvent_peak": 0.19,
  "wealth_concentration_drop": 0.8880084416444146,
  "columns": [
    "run_id",
    "event_id",
    "tick_ms",
    "phase",
    "close",
    "mid_price",
    "ofi",
    "spread_bps",
    "depth_imbalance",
    "trade_intensity",
    "realized_vol_50",
    "leverage_proxy",
    "kyle_lambda",
    "vpin",
    "flash_crash_flag",
    "mean_wealth_t",
    "pct_insolvent",
    "wealth_concentration"
  ]
}