{
  "scenario": "llm",
  "calibration_phase": "pre",
  "n_runs": 5,
  "n_rows": 58750,
  "tick_ms": 100,
  "crash_window_ticks": 10,
  "crash_threshold_pct": 1.93,
  "min_price_fraction": 0.6,
  "flash_crash_rate": 0.0,
  "run_max_drawdown_pct": {
    "mean": 0.29980470124919767,
    "p50": 0.2747180480068897,
    "p90": 0.4118449324757432,
    "p95": 0.45432030297072595,
    "p99": 0.48830059936671216,
    "max": 0.49679567346570874
  },
  "mean_ofi_pre": 0.05061529326816375,
  "mean_ofi_drop": -5.489251172285818,
  "mean_wealth_by_phase": {
    "drop": 691486.1109180893,
    "post": 952991.5946460314,
    "pre": 175092.47909985713,
    "recovery": 1404024.384439884
  },
  "pct_insolvent_peak": 0.2,
  "wealth_concentration_drop": 0.9181689567588561,
  "columns": [
    "run_id",
    "event_id",
    "tick_ms",
    "phase",
    "close",
    "mid_price",
    "ofi",
    "spread_bps",
    "depth_imbalance",
    "trade_intensity",
    "realized_vol_50",
    "leverage_proxy",
    "kyle_lambda",
    "vpin",
    "flash_crash_flag",
    "mean_wealth_t",
    "pct_insolvent",
    "wealth_concentration"
  ]
}