{
  "scenario": "llm",
  "calibration_phase": "pre",
  "n_runs": 5,
  "n_rows": 58750,
  "tick_ms": 100,
  "crash_window_ticks": 10,
  "crash_threshold_pct": 1.93,
  "min_price_fraction": 0.6,
  "flash_crash_rate": 0.0,
  "run_max_drawdown_pct": {
    "mean": 0.556940531422284,
    "p50": 0.7135292035817331,
    "p90": 0.932735205377122,
    "p95": 0.9803939786901287,
    "p99": 1.0185209973405343,
    "max": 1.0280527520031355
  },
  "mean_ofi_pre": 0.20684894608777277,
  "mean_ofi_drop": -3.0504699281291408,
  "mean_wealth_by_phase": {
    "drop": 340873.9733309641,
    "post": 425264.22886846185,
    "pre": 175690.0302983079,
    "recovery": 553810.8964913766
  },
  "pct_insolvent_peak": 0.2,
  "wealth_concentration_drop": 0.9906711923933947,
  "columns": [
    "run_id",
    "event_id",
    "tick_ms",
    "phase",
    "close",
    "mid_price",
    "ofi",
    "spread_bps",
    "depth_imbalance",
    "trade_intensity",
    "realized_vol_50",
    "leverage_proxy",
    "kyle_lambda",
    "vpin",
    "flash_crash_flag",
    "mean_wealth_t",
    "pct_insolvent",
    "wealth_concentration"
  ]
}