{
  "scenario": "llm",
  "calibration_phase": "pre",
  "n_runs": 5,
  "n_rows": 58750,
  "tick_ms": 100,
  "crash_window_ticks": 10,
  "crash_threshold_pct": 1.93,
  "min_price_fraction": 0.6,
  "flash_crash_rate": 0.0,
  "run_max_drawdown_pct": {
    "mean": 0.5145812106463336,
    "p50": 0.30752549296629145,
    "p90": 1.0651836945844577,
    "p95": 1.3171133581353458,
    "p99": 1.5186570889760567,
    "max": 1.5690430216862343
  },
  "mean_ofi_pre": 0.18861389571864703,
  "mean_ofi_drop": -3.2931162217002035,
  "mean_wealth_by_phase": {
    "drop": 341082.0439368966,
    "post": 399606.1930313063,
    "pre": 175740.87227857768,
    "recovery": 544273.2255996655
  },
  "pct_insolvent_peak": 0.2,
  "wealth_concentration_drop": 0.9198516985529293,
  "columns": [
    "run_id",
    "event_id",
    "tick_ms",
    "phase",
    "close",
    "mid_price",
    "ofi",
    "spread_bps",
    "depth_imbalance",
    "trade_intensity",
    "realized_vol_50",
    "leverage_proxy",
    "kyle_lambda",
    "vpin",
    "flash_crash_flag",
    "mean_wealth_t",
    "pct_insolvent",
    "wealth_concentration"
  ]
}