{
  "scenario": "llm",
  "calibration_phase": "pre",
  "n_runs": 5,
  "n_rows": 56350,
  "tick_ms": 100,
  "crash_window_ticks": 10,
  "crash_threshold_pct": 1.93,
  "min_price_fraction": 0.6,
  "flash_crash_rate": 0.0,
  "run_max_drawdown_pct": {
    "mean": 0.5358431595641736,
    "p50": 0.35609118008705787,
    "p90": 0.9029912143477289,
    "p95": 0.9445952655324361,
    "p99": 0.977878506480202,
    "max": 0.9861993167171436
  },
  "mean_ofi_pre": 0.1862938022648671,
  "mean_ofi_drop": -4.288975597405034,
  "mean_wealth_by_phase": {
    "drop": 445613.96954872046,
    "post": 659814.5569160979,
    "pre": 175523.48773970315,
    "recovery": 776171.6666911028
  },
  "pct_insolvent_peak": 0.2,
  "wealth_concentration_drop": 0.9421699639880179,
  "columns": [
    "run_id",
    "event_id",
    "tick_ms",
    "phase",
    "close",
    "mid_price",
    "ofi",
    "spread_bps",
    "depth_imbalance",
    "trade_intensity",
    "realized_vol_50",
    "leverage_proxy",
    "kyle_lambda",
    "vpin",
    "flash_crash_flag",
    "mean_wealth_t",
    "pct_insolvent",
    "wealth_concentration"
  ]
}