{
  "scenario": "llm",
  "calibration_phase": "pre",
  "n_runs": 5,
  "n_rows": 56550,
  "tick_ms": 100,
  "crash_window_ticks": 10,
  "crash_threshold_pct": 1.93,
  "min_price_fraction": 0.6,
  "flash_crash_rate": 0.0,
  "run_max_drawdown_pct": {
    "mean": 0.5615475126171006,
    "p50": 0.701877445231899,
    "p90": 0.7366615445852228,
    "p95": 0.739286887001396,
    "p99": 0.7413871609343345,
    "max": 0.7419122294175692
  },
  "mean_ofi_pre": 0.24862069418369642,
  "mean_ofi_drop": -4.633203179902454,
  "mean_wealth_by_phase": {
    "drop": 418984.76510030817,
    "post": 580247.8483929874,
    "pre": 175713.46373924284,
    "recovery": 697586.6441250124
  },
  "pct_insolvent_peak": 0.19,
  "wealth_concentration_drop": 0.8896285999918339,
  "columns": [
    "run_id",
    "event_id",
    "tick_ms",
    "phase",
    "close",
    "mid_price",
    "ofi",
    "spread_bps",
    "depth_imbalance",
    "trade_intensity",
    "realized_vol_50",
    "leverage_proxy",
    "kyle_lambda",
    "vpin",
    "flash_crash_flag",
    "mean_wealth_t",
    "pct_insolvent",
    "wealth_concentration"
  ]
}