{
  "scenario": "llm",
  "calibration_phase": "pre",
  "n_runs": 5,
  "n_rows": 58750,
  "tick_ms": 100,
  "crash_window_ticks": 10,
  "crash_threshold_pct": 1.93,
  "min_price_fraction": 0.6,
  "flash_crash_rate": 0.0,
  "run_max_drawdown_pct": {
    "mean": 0.24982852728116756,
    "p50": 0.1976478397619272,
    "p90": 0.35380586218558907,
    "p95": 0.3636776964454266,
    "p99": 0.3715751638532966,
    "max": 0.3735495307052641
  },
  "mean_ofi_pre": 0.03963360855546014,
  "mean_ofi_drop": -3.2832461709971046,
  "mean_wealth_by_phase": {
    "drop": 383794.0850311451,
    "post": 454254.69040654553,
    "pre": 175067.1000193712,
    "recovery": 659587.1667900432
  },
  "pct_insolvent_peak": 0.19,
  "wealth_concentration_drop": 0.9085854167949907,
  "columns": [
    "run_id",
    "event_id",
    "tick_ms",
    "phase",
    "close",
    "mid_price",
    "ofi",
    "spread_bps",
    "depth_imbalance",
    "trade_intensity",
    "realized_vol_50",
    "leverage_proxy",
    "kyle_lambda",
    "vpin",
    "flash_crash_flag",
    "mean_wealth_t",
    "pct_insolvent",
    "wealth_concentration"
  ]
}