{
  "scenario": "llm",
  "calibration_phase": "pre",
  "n_runs": 5,
  "n_rows": 51550,
  "tick_ms": 100,
  "crash_window_ticks": 10,
  "crash_threshold_pct": 1.93,
  "min_price_fraction": 0.6,
  "flash_crash_rate": 0.0,
  "run_max_drawdown_pct": {
    "mean": 0.25724813239757344,
    "p50": 0.26654517945921635,
    "p90": 0.3237876881974785,
    "p95": 0.33433143740366966,
    "p99": 0.3427664367686226,
    "max": 0.34487518660986083
  },
  "mean_ofi_pre": 0.0632733346634462,
  "mean_ofi_drop": -3.369678023887503,
  "mean_wealth_by_phase": {
    "drop": 385450.53263988416,
    "post": 563157.873408692,
    "pre": 175092.11303009104,
    "recovery": 694672.6928821651
  },
  "pct_insolvent_peak": 0.19,
  "wealth_concentration_drop": 0.9022192998189587,
  "columns": [
    "run_id",
    "event_id",
    "tick_ms",
    "phase",
    "close",
    "mid_price",
    "ofi",
    "spread_bps",
    "depth_imbalance",
    "trade_intensity",
    "realized_vol_50",
    "leverage_proxy",
    "kyle_lambda",
    "vpin",
    "flash_crash_flag",
    "mean_wealth_t",
    "pct_insolvent",
    "wealth_concentration"
  ]
}