{
  "scenario": "llm",
  "calibration_phase": "pre",
  "n_runs": 5,
  "n_rows": 58750,
  "tick_ms": 100,
  "crash_window_ticks": 10,
  "crash_threshold_pct": 1.93,
  "min_price_fraction": 0.6,
  "flash_crash_rate": 0.0,
  "run_max_drawdown_pct": {
    "mean": 0.2326758710062383,
    "p50": 0.17784756491585374,
    "p90": 0.3561251867461972,
    "p95": 0.41373021743359367,
    "p99": 0.459814241983511,
    "max": 0.4713352481209903
  },
  "mean_ofi_pre": 0.04396046461728172,
  "mean_ofi_drop": -4.371688699225239,
  "mean_wealth_by_phase": {
    "drop": 529554.5971738524,
    "post": 652591.0222216278,
    "pre": 175090.13852153256,
    "recovery": 1005855.7624694934
  },
  "pct_insolvent_peak": 0.2,
  "wealth_concentration_drop": 0.9132005221070093,
  "columns": [
    "run_id",
    "event_id",
    "tick_ms",
    "phase",
    "close",
    "mid_price",
    "ofi",
    "spread_bps",
    "depth_imbalance",
    "trade_intensity",
    "realized_vol_50",
    "leverage_proxy",
    "kyle_lambda",
    "vpin",
    "flash_crash_flag",
    "mean_wealth_t",
    "pct_insolvent",
    "wealth_concentration"
  ]
}