{
  "scenario": "llm",
  "calibration_phase": "pre",
  "n_runs": 5,
  "n_rows": 58750,
  "tick_ms": 100,
  "crash_window_ticks": 10,
  "crash_threshold_pct": 1.93,
  "min_price_fraction": 0.6,
  "flash_crash_rate": 0.0,
  "run_max_drawdown_pct": {
    "mean": 0.4717312953903776,
    "p50": 0.3837135926571908,
    "p90": 0.7600787885476513,
    "p95": 0.841535800040809,
    "p99": 0.9067014092353353,
    "max": 0.9229928115339668
  },
  "mean_ofi_pre": 0.14122763922733406,
  "mean_ofi_drop": -4.468908093082335,
  "mean_wealth_by_phase": {
    "drop": 482945.6399546705,
    "post": 600046.742368211,
    "pre": 175333.2112929376,
    "recovery": 868482.2550342387
  },
  "pct_insolvent_peak": 0.2,
  "wealth_concentration_drop": 0.9320481464603146,
  "columns": [
    "run_id",
    "event_id",
    "tick_ms",
    "phase",
    "close",
    "mid_price",
    "ofi",
    "spread_bps",
    "depth_imbalance",
    "trade_intensity",
    "realized_vol_50",
    "leverage_proxy",
    "kyle_lambda",
    "vpin",
    "flash_crash_flag",
    "mean_wealth_t",
    "pct_insolvent",
    "wealth_concentration"
  ]
}