{
  "scenario": "llm",
  "calibration_phase": "pre",
  "n_runs": 5,
  "n_rows": 58750,
  "tick_ms": 100,
  "crash_window_ticks": 10,
  "crash_threshold_pct": 1.93,
  "min_price_fraction": 0.6,
  "flash_crash_rate": 0.0,
  "run_max_drawdown_pct": {
    "mean": 0.5748322746218311,
    "p50": 0.3991263362420266,
    "p90": 1.138068006854349,
    "p95": 1.3684826530398704,
    "p99": 1.552814369988288,
    "max": 1.5988972992253923
  },
  "mean_ofi_pre": 0.1842807686524253,
  "mean_ofi_drop": -4.3798932826873305,
  "mean_wealth_by_phase": {
    "drop": 439119.0302795809,
    "post": 537993.5268215722,
    "pre": 175694.997349184,
    "recovery": 764387.9231430718
  },
  "pct_insolvent_peak": 0.2,
  "wealth_concentration_drop": 0.9211930902893245,
  "columns": [
    "run_id",
    "event_id",
    "tick_ms",
    "phase",
    "close",
    "mid_price",
    "ofi",
    "spread_bps",
    "depth_imbalance",
    "trade_intensity",
    "realized_vol_50",
    "leverage_proxy",
    "kyle_lambda",
    "vpin",
    "flash_crash_flag",
    "mean_wealth_t",
    "pct_insolvent",
    "wealth_concentration"
  ]
}