{
  "scenario": "llm",
  "calibration_phase": "pre",
  "n_runs": 5,
  "n_rows": 56350,
  "tick_ms": 100,
  "crash_window_ticks": 10,
  "crash_threshold_pct": 1.93,
  "min_price_fraction": 0.6,
  "flash_crash_rate": 0.0,
  "run_max_drawdown_pct": {
    "mean": 0.3148441944029998,
    "p50": 0.22694016350154833,
    "p90": 0.5444390324492694,
    "p95": 0.6003211414027017,
    "p99": 0.6450268285654477,
    "max": 0.6562032503561341
  },
  "mean_ofi_pre": 0.13070466811320203,
  "mean_ofi_drop": -3.3658091989190932,
  "mean_wealth_by_phase": {
    "drop": 354804.4446027605,
    "post": 422690.5194106217,
    "pre": 175323.4844468203,
    "recovery": 574484.154421296
  },
  "pct_insolvent_peak": 0.2,
  "wealth_concentration_drop": 0.9048644310403758,
  "columns": [
    "run_id",
    "event_id",
    "tick_ms",
    "phase",
    "close",
    "mid_price",
    "ofi",
    "spread_bps",
    "depth_imbalance",
    "trade_intensity",
    "realized_vol_50",
    "leverage_proxy",
    "kyle_lambda",
    "vpin",
    "flash_crash_flag",
    "mean_wealth_t",
    "pct_insolvent",
    "wealth_concentration"
  ]
}