{
  "scenario": "llm",
  "calibration_phase": "pre",
  "n_runs": 5,
  "n_rows": 58750,
  "tick_ms": 100,
  "crash_window_ticks": 10,
  "crash_threshold_pct": 1.93,
  "min_price_fraction": 0.6,
  "flash_crash_rate": 0.0,
  "run_max_drawdown_pct": {
    "mean": 0.5395308075128377,
    "p50": 0.41453481622595895,
    "p90": 0.8929026668234148,
    "p95": 1.0147267082555254,
    "p99": 1.112185941401214,
    "max": 1.1365507496876361
  },
  "mean_ofi_pre": 0.18295365659337554,
  "mean_ofi_drop": -4.374694737705661,
  "mean_wealth_by_phase": {
    "drop": 472462.67170959985,
    "post": 600047.1108650224,
    "pre": 175479.5916897347,
    "recovery": 858136.9020136403
  },
  "pct_insolvent_peak": 0.2,
  "wealth_concentration_drop": 0.9418559348809291,
  "columns": [
    "run_id",
    "event_id",
    "tick_ms",
    "phase",
    "close",
    "mid_price",
    "ofi",
    "spread_bps",
    "depth_imbalance",
    "trade_intensity",
    "realized_vol_50",
    "leverage_proxy",
    "kyle_lambda",
    "vpin",
    "flash_crash_flag",
    "mean_wealth_t",
    "pct_insolvent",
    "wealth_concentration"
  ]
}