{
  "scenario": "llm",
  "calibration_phase": "pre",
  "n_runs": 5,
  "n_rows": 56150,
  "tick_ms": 100,
  "crash_window_ticks": 10,
  "crash_threshold_pct": 1.93,
  "min_price_fraction": 0.6,
  "flash_crash_rate": 0.0,
  "run_max_drawdown_pct": {
    "mean": 0.34325438537149855,
    "p50": 0.31057104911614647,
    "p90": 0.5699355835132742,
    "p95": 0.6523331357620148,
    "p99": 0.7182511775610074,
    "max": 0.7347306880107556
  },
  "mean_ofi_pre": 0.14545720976718327,
  "mean_ofi_drop": -4.515846801089282,
  "mean_wealth_by_phase": {
    "drop": 441134.58465845743,
    "post": 558827.1241988807,
    "pre": 175393.91088807868,
    "recovery": 751166.9783498332
  },
  "pct_insolvent_peak": 0.19,
  "wealth_concentration_drop": 0.8875572579711464,
  "columns": [
    "run_id",
    "event_id",
    "tick_ms",
    "phase",
    "close",
    "mid_price",
    "ofi",
    "spread_bps",
    "depth_imbalance",
    "trade_intensity",
    "realized_vol_50",
    "leverage_proxy",
    "kyle_lambda",
    "vpin",
    "flash_crash_flag",
    "mean_wealth_t",
    "pct_insolvent",
    "wealth_concentration"
  ]
}