{
  "scenario": "llm",
  "calibration_phase": "pre",
  "n_runs": 5,
  "n_rows": 56150,
  "tick_ms": 100,
  "crash_window_ticks": 10,
  "crash_threshold_pct": 1.93,
  "min_price_fraction": 0.6,
  "flash_crash_rate": 0.0,
  "run_max_drawdown_pct": {
    "mean": 0.6383844201159661,
    "p50": 0.40856879130366996,
    "p90": 1.1515950564213773,
    "p95": 1.2733725693821947,
    "p99": 1.3707945797508485,
    "max": 1.395150082343012
  },
  "mean_ofi_pre": 0.2657561956423366,
  "mean_ofi_drop": -4.498675672755138,
  "mean_wealth_by_phase": {
    "drop": 393449.1655934626,
    "post": 555008.878096773,
    "pre": 175973.71010542507,
    "recovery": 639565.5618074625
  },
  "pct_insolvent_peak": 0.19,
  "wealth_concentration_drop": 0.9138979177898691,
  "columns": [
    "run_id",
    "event_id",
    "tick_ms",
    "phase",
    "close",
    "mid_price",
    "ofi",
    "spread_bps",
    "depth_imbalance",
    "trade_intensity",
    "realized_vol_50",
    "leverage_proxy",
    "kyle_lambda",
    "vpin",
    "flash_crash_flag",
    "mean_wealth_t",
    "pct_insolvent",
    "wealth_concentration"
  ]
}