{
  "scenario": "llm",
  "calibration_phase": "pre",
  "n_runs": 5,
  "n_rows": 58750,
  "tick_ms": 100,
  "crash_window_ticks": 10,
  "crash_threshold_pct": 1.93,
  "min_price_fraction": 0.6,
  "flash_crash_rate": 0.0,
  "run_max_drawdown_pct": {
    "mean": 0.8530357638218359,
    "p50": 0.3381192902842925,
    "p90": 1.6993904050329995,
    "p95": 1.7452656862181355,
    "p99": 1.7819659111662443,
    "max": 1.7911409674032714
  },
  "mean_ofi_pre": 0.2802633212068518,
  "mean_ofi_drop": -4.274308226530077,
  "mean_wealth_by_phase": {
    "drop": 389636.17323652323,
    "post": 465896.86239024135,
    "pre": 176224.02046870033,
    "recovery": 655375.0541215272
  },
  "pct_insolvent_peak": 0.2,
  "wealth_concentration_drop": 0.9447884076188433,
  "columns": [
    "run_id",
    "event_id",
    "tick_ms",
    "phase",
    "close",
    "mid_price",
    "ofi",
    "spread_bps",
    "depth_imbalance",
    "trade_intensity",
    "realized_vol_50",
    "leverage_proxy",
    "kyle_lambda",
    "vpin",
    "flash_crash_flag",
    "mean_wealth_t",
    "pct_insolvent",
    "wealth_concentration"
  ]
}