{
  "scenario": "llm",
  "calibration_phase": "pre",
  "n_runs": 5,
  "n_rows": 58750,
  "tick_ms": 100,
  "crash_window_ticks": 10,
  "crash_threshold_pct": 1.93,
  "min_price_fraction": 0.6,
  "flash_crash_rate": 0.0,
  "run_max_drawdown_pct": {
    "mean": 0.4369994202732487,
    "p50": 0.3673511417705855,
    "p90": 0.6732320764842886,
    "p95": 0.7299997841037685,
    "p99": 0.7754139501993526,
    "max": 0.7867674917232486
  },
  "mean_ofi_pre": 0.1281166190620851,
  "mean_ofi_drop": -4.439808062430721,
  "mean_wealth_by_phase": {
    "drop": 485950.7746537809,
    "post": 579528.5988236147,
    "pre": 175293.88807093966,
    "recovery": 863145.3016752643
  },
  "pct_insolvent_peak": 0.2,
  "wealth_concentration_drop": 0.9447543321461932,
  "columns": [
    "run_id",
    "event_id",
    "tick_ms",
    "phase",
    "close",
    "mid_price",
    "ofi",
    "spread_bps",
    "depth_imbalance",
    "trade_intensity",
    "realized_vol_50",
    "leverage_proxy",
    "kyle_lambda",
    "vpin",
    "flash_crash_flag",
    "mean_wealth_t",
    "pct_insolvent",
    "wealth_concentration"
  ]
}