{
  "scenario": "llm",
  "calibration_phase": "pre",
  "n_runs": 5,
  "n_rows": 58750,
  "tick_ms": 100,
  "crash_window_ticks": 10,
  "crash_threshold_pct": 1.93,
  "min_price_fraction": 0.6,
  "flash_crash_rate": 0.0,
  "run_max_drawdown_pct": {
    "mean": 0.25694868880669136,
    "p50": 0.25174251166242373,
    "p90": 0.413008072094811,
    "p95": 0.43186526881822884,
    "p99": 0.44695102619696314,
    "max": 0.45072246554164674
  },
  "mean_ofi_pre": 0.10407384588483251,
  "mean_ofi_drop": -3.3318801455098375,
  "mean_wealth_by_phase": {
    "drop": 343023.0477697469,
    "post": 387625.0416091626,
    "pre": 175276.94451545607,
    "recovery": 542324.4563836338
  },
  "pct_insolvent_peak": 0.18,
  "wealth_concentration_drop": 0.8906389045010725,
  "columns": [
    "run_id",
    "event_id",
    "tick_ms",
    "phase",
    "close",
    "mid_price",
    "ofi",
    "spread_bps",
    "depth_imbalance",
    "trade_intensity",
    "realized_vol_50",
    "leverage_proxy",
    "kyle_lambda",
    "vpin",
    "flash_crash_flag",
    "mean_wealth_t",
    "pct_insolvent",
    "wealth_concentration"
  ]
}