{
  "scenario": "llm",
  "calibration_phase": "pre",
  "n_runs": 5,
  "n_rows": 57350,
  "tick_ms": 100,
  "crash_window_ticks": 10,
  "crash_threshold_pct": 1.93,
  "min_price_fraction": 0.6,
  "flash_crash_rate": 0.2,
  "run_max_drawdown_pct": {
    "mean": 0.6090784577829511,
    "p50": 0.2533266565479467,
    "p90": 1.3906030291822322,
    "p95": 1.742640549868146,
    "p99": 2.024270566416878,
    "max": 2.094678070554061
  },
  "mean_ofi_pre": 0.14684675140277287,
  "mean_ofi_drop": -4.243722328649028,
  "mean_wealth_by_phase": {
    "drop": 469760.6662076447,
    "post": 622254.3605292421,
    "pre": 175652.10191186005,
    "recovery": 877321.8491209004
  },
  "pct_insolvent_peak": 0.2,
  "wealth_concentration_drop": 0.9549670118283984,
  "columns": [
    "run_id",
    "event_id",
    "tick_ms",
    "phase",
    "close",
    "mid_price",
    "ofi",
    "spread_bps",
    "depth_imbalance",
    "trade_intensity",
    "realized_vol_50",
    "leverage_proxy",
    "kyle_lambda",
    "vpin",
    "flash_crash_flag",
    "mean_wealth_t",
    "pct_insolvent",
    "wealth_concentration"
  ]
}