{
  "scenario": "llm",
  "calibration_phase": "pre",
  "n_runs": 5,
  "n_rows": 58750,
  "tick_ms": 100,
  "crash_window_ticks": 10,
  "crash_threshold_pct": 1.93,
  "min_price_fraction": 0.6,
  "flash_crash_rate": 0.0,
  "run_max_drawdown_pct": {
    "mean": 0.6930334792795526,
    "p50": 0.8999028080758037,
    "p90": 0.9661814568627725,
    "p95": 0.9871850637849439,
    "p99": 1.0039879493226809,
    "max": 1.0081886707071153
  },
  "mean_ofi_pre": 0.2631101856764845,
  "mean_ofi_drop": -4.186503980903434,
  "mean_wealth_by_phase": {
    "drop": 400612.9472918269,
    "post": 534266.3877388658,
    "pre": 175883.05555434112,
    "recovery": 642058.1922246751
  },
  "pct_insolvent_peak": 0.19,
  "wealth_concentration_drop": 0.9672179727262871,
  "columns": [
    "run_id",
    "event_id",
    "tick_ms",
    "phase",
    "close",
    "mid_price",
    "ofi",
    "spread_bps",
    "depth_imbalance",
    "trade_intensity",
    "realized_vol_50",
    "leverage_proxy",
    "kyle_lambda",
    "vpin",
    "flash_crash_flag",
    "mean_wealth_t",
    "pct_insolvent",
    "wealth_concentration"
  ]
}