{
  "scenario": "llm",
  "calibration_phase": "pre",
  "n_runs": 5,
  "n_rows": 57350,
  "tick_ms": 100,
  "crash_window_ticks": 10,
  "crash_threshold_pct": 1.93,
  "min_price_fraction": 0.6,
  "flash_crash_rate": 0.0,
  "run_max_drawdown_pct": {
    "mean": 0.3137044190363146,
    "p50": 0.25818416976051367,
    "p90": 0.573884053655192,
    "p95": 0.6326244159728752,
    "p99": 0.6796167058270218,
    "max": 0.6913647782905585
  },
  "mean_ofi_pre": 0.11162178950040162,
  "mean_ofi_drop": -3.259038915716382,
  "mean_wealth_by_phase": {
    "drop": 366741.0283466507,
    "post": 445723.953661129,
    "pre": 175315.2911919713,
    "recovery": 611317.718203109
  },
  "pct_insolvent_peak": 0.2,
  "wealth_concentration_drop": 0.9277329046880721,
  "columns": [
    "run_id",
    "event_id",
    "tick_ms",
    "phase",
    "close",
    "mid_price",
    "ofi",
    "spread_bps",
    "depth_imbalance",
    "trade_intensity",
    "realized_vol_50",
    "leverage_proxy",
    "kyle_lambda",
    "vpin",
    "flash_crash_flag",
    "mean_wealth_t",
    "pct_insolvent",
    "wealth_concentration"
  ]
}