{
  "scenario": "llm",
  "calibration_phase": "pre",
  "n_runs": 5,
  "n_rows": 58750,
  "tick_ms": 100,
  "crash_window_ticks": 10,
  "crash_threshold_pct": 1.93,
  "min_price_fraction": 0.6,
  "flash_crash_rate": 0.0,
  "run_max_drawdown_pct": {
    "mean": 0.4824093774669699,
    "p50": 0.3121487245515626,
    "p90": 0.9494490578838599,
    "p95": 1.069742627315771,
    "p99": 1.1659774828613,
    "max": 1.1900361967476825
  },
  "mean_ofi_pre": 0.21644713240262342,
  "mean_ofi_drop": -3.302018497458266,
  "mean_wealth_by_phase": {
    "drop": 318585.09747979086,
    "post": 361876.4653645251,
    "pre": 175786.41989851685,
    "recovery": 481867.5674786121
  },
  "pct_insolvent_peak": 0.19,
  "wealth_concentration_drop": 0.9246876918165332,
  "columns": [
    "run_id",
    "event_id",
    "tick_ms",
    "phase",
    "close",
    "mid_price",
    "ofi",
    "spread_bps",
    "depth_imbalance",
    "trade_intensity",
    "realized_vol_50",
    "leverage_proxy",
    "kyle_lambda",
    "vpin",
    "flash_crash_flag",
    "mean_wealth_t",
    "pct_insolvent",
    "wealth_concentration"
  ]
}