{
  "scenario": "llm",
  "calibration_phase": "pre",
  "n_runs": 5,
  "n_rows": 58750,
  "tick_ms": 100,
  "crash_window_ticks": 10,
  "crash_threshold_pct": 1.93,
  "min_price_fraction": 0.6,
  "flash_crash_rate": 0.0,
  "run_max_drawdown_pct": {
    "mean": 0.5116012587337524,
    "p50": 0.4544476470654296,
    "p90": 0.8983691797224216,
    "p95": 0.9064612020416928,
    "p99": 0.9129348198971098,
    "max": 0.9145532243609641
  },
  "mean_ofi_pre": 0.17718679688637534,
  "mean_ofi_drop": -3.281332965419644,
  "mean_wealth_by_phase": {
    "drop": 350085.544567335,
    "post": 443702.66253264435,
    "pre": 175538.34780500046,
    "recovery": 566805.0567815378
  },
  "pct_insolvent_peak": 0.19,
  "wealth_concentration_drop": 0.9347512402513795,
  "columns": [
    "run_id",
    "event_id",
    "tick_ms",
    "phase",
    "close",
    "mid_price",
    "ofi",
    "spread_bps",
    "depth_imbalance",
    "trade_intensity",
    "realized_vol_50",
    "leverage_proxy",
    "kyle_lambda",
    "vpin",
    "flash_crash_flag",
    "mean_wealth_t",
    "pct_insolvent",
    "wealth_concentration"
  ]
}