{
  "scenario": "llm",
  "calibration_phase": "pre",
  "n_runs": 5,
  "n_rows": 58750,
  "tick_ms": 100,
  "crash_window_ticks": 10,
  "crash_threshold_pct": 1.93,
  "min_price_fraction": 0.6,
  "flash_crash_rate": 0.0,
  "run_max_drawdown_pct": {
    "mean": 0.700379708274426,
    "p50": 0.9350611663196938,
    "p90": 1.0873956295661116,
    "p95": 1.101240675708344,
    "p99": 1.1123167126221298,
    "max": 1.1150857218505763
  },
  "mean_ofi_pre": 0.214031266483723,
  "mean_ofi_drop": -5.318553063281267,
  "mean_wealth_by_phase": {
    "drop": 484558.7440055898,
    "post": 644871.3372721333,
    "pre": 175706.2940757894,
    "recovery": 828338.1048466605
  },
  "pct_insolvent_peak": 0.2,
  "wealth_concentration_drop": 0.9331785106072822,
  "columns": [
    "run_id",
    "event_id",
    "tick_ms",
    "phase",
    "close",
    "mid_price",
    "ofi",
    "spread_bps",
    "depth_imbalance",
    "trade_intensity",
    "realized_vol_50",
    "leverage_proxy",
    "kyle_lambda",
    "vpin",
    "flash_crash_flag",
    "mean_wealth_t",
    "pct_insolvent",
    "wealth_concentration"
  ]
}