{
  "scenario": "llm",
  "calibration_phase": "pre",
  "n_runs": 5,
  "n_rows": 58750,
  "tick_ms": 100,
  "crash_window_ticks": 10,
  "crash_threshold_pct": 1.93,
  "min_price_fraction": 0.6,
  "flash_crash_rate": 0.0,
  "run_max_drawdown_pct": {
    "mean": 0.31361532213731486,
    "p50": 0.1797258729271263,
    "p90": 0.5874216657636375,
    "p95": 0.6906570061924302,
    "p99": 0.7732452785354645,
    "max": 0.7938923466212231
  },
  "mean_ofi_pre": 0.10015397280282809,
  "mean_ofi_drop": -3.246848097732222,
  "mean_wealth_by_phase": {
    "drop": 374736.6318111872,
    "post": 433886.7190650025,
    "pre": 175299.24187590808,
    "recovery": 628983.2063925879
  },
  "pct_insolvent_peak": 0.2,
  "wealth_concentration_drop": 0.9324364739753039,
  "columns": [
    "run_id",
    "event_id",
    "tick_ms",
    "phase",
    "close",
    "mid_price",
    "ofi",
    "spread_bps",
    "depth_imbalance",
    "trade_intensity",
    "realized_vol_50",
    "leverage_proxy",
    "kyle_lambda",
    "vpin",
    "flash_crash_flag",
    "mean_wealth_t",
    "pct_insolvent",
    "wealth_concentration"
  ]
}