{
  "scenario": "llm",
  "calibration_phase": "pre",
  "n_runs": 5,
  "n_rows": 56550,
  "tick_ms": 100,
  "crash_window_ticks": 10,
  "crash_threshold_pct": 1.93,
  "min_price_fraction": 0.6,
  "flash_crash_rate": 0.0,
  "run_max_drawdown_pct": {
    "mean": 0.38532206068803526,
    "p50": 0.20972733667733848,
    "p90": 0.674701760922049,
    "p95": 0.6772183826562519,
    "p99": 0.6792316800436142,
    "max": 0.6797350043904549
  },
  "mean_ofi_pre": 0.14074886567582134,
  "mean_ofi_drop": -3.3542238987314628,
  "mean_wealth_by_phase": {
    "drop": 351373.23887513886,
    "post": 454775.84490239114,
    "pre": 175430.96163358697,
    "recovery": 569771.3403289885
  },
  "pct_insolvent_peak": 0.2,
  "wealth_concentration_drop": 0.9145258747104451,
  "columns": [
    "run_id",
    "event_id",
    "tick_ms",
    "phase",
    "close",
    "mid_price",
    "ofi",
    "spread_bps",
    "depth_imbalance",
    "trade_intensity",
    "realized_vol_50",
    "leverage_proxy",
    "kyle_lambda",
    "vpin",
    "flash_crash_flag",
    "mean_wealth_t",
    "pct_insolvent",
    "wealth_concentration"
  ]
}