{
  "scenario": "llm",
  "calibration_phase": "pre",
  "n_runs": 5,
  "n_rows": 58750,
  "tick_ms": 100,
  "crash_window_ticks": 10,
  "crash_threshold_pct": 1.93,
  "min_price_fraction": 0.6,
  "flash_crash_rate": 0.2,
  "run_max_drawdown_pct": {
    "mean": 0.8853443007813746,
    "p50": 0.5215253985592536,
    "p90": 1.7440947718151167,
    "p95": 2.019053842722869,
    "p99": 2.239021099449071,
    "max": 2.2940129136306213
  },
  "mean_ofi_pre": 0.2604216053055819,
  "mean_ofi_drop": -5.392689030322788,
  "mean_wealth_by_phase": {
    "drop": 489311.36913438566,
    "post": 561930.8560760393,
    "pre": 175990.79380601997,
    "recovery": 779018.3128786752
  },
  "pct_insolvent_peak": 0.21,
  "wealth_concentration_drop": 0.960874870466936,
  "columns": [
    "run_id",
    "event_id",
    "tick_ms",
    "phase",
    "close",
    "mid_price",
    "ofi",
    "spread_bps",
    "depth_imbalance",
    "trade_intensity",
    "realized_vol_50",
    "leverage_proxy",
    "kyle_lambda",
    "vpin",
    "flash_crash_flag",
    "mean_wealth_t",
    "pct_insolvent",
    "wealth_concentration"
  ]
}