{
  "scenario": "llm",
  "calibration_phase": "pre",
  "n_runs": 5,
  "n_rows": 58750,
  "tick_ms": 100,
  "crash_window_ticks": 10,
  "crash_threshold_pct": 1.93,
  "min_price_fraction": 0.6,
  "flash_crash_rate": 0.0,
  "run_max_drawdown_pct": {
    "mean": 0.45001797185800907,
    "p50": 0.2798761970883896,
    "p90": 0.9403859924487037,
    "p95": 1.149293512108236,
    "p99": 1.3164195278358624,
    "max": 1.3582010317677689
  },
  "mean_ofi_pre": 0.16829567878148563,
  "mean_ofi_drop": -4.305798894203865,
  "mean_wealth_by_phase": {
    "drop": 413981.9924809341,
    "post": 467955.1637862724,
    "pre": 175711.2670550118,
    "recovery": 693761.6005395122
  },
  "pct_insolvent_peak": 0.2,
  "wealth_concentration_drop": 0.923885106650329,
  "columns": [
    "run_id",
    "event_id",
    "tick_ms",
    "phase",
    "close",
    "mid_price",
    "ofi",
    "spread_bps",
    "depth_imbalance",
    "trade_intensity",
    "realized_vol_50",
    "leverage_proxy",
    "kyle_lambda",
    "vpin",
    "flash_crash_flag",
    "mean_wealth_t",
    "pct_insolvent",
    "wealth_concentration"
  ]
}