{
  "scenario": "llm",
  "calibration_phase": "pre",
  "n_runs": 5,
  "n_rows": 58750,
  "tick_ms": 100,
  "crash_window_ticks": 10,
  "crash_threshold_pct": 1.93,
  "min_price_fraction": 0.6,
  "flash_crash_rate": 0.0,
  "run_max_drawdown_pct": {
    "mean": 0.5884435060504294,
    "p50": 0.49918104070862457,
    "p90": 0.9905943124857812,
    "p95": 1.1335403818645566,
    "p99": 1.2478972373675772,
    "max": 1.2764864512433323
  },
  "mean_ofi_pre": 0.26686460573215126,
  "mean_ofi_drop": -3.334633843133694,
  "mean_wealth_by_phase": {
    "drop": 322939.6436549492,
    "post": 408616.72742582316,
    "pre": 175958.70554007957,
    "recovery": 516842.2177236049
  },
  "pct_insolvent_peak": 0.21,
  "wealth_concentration_drop": 0.943469299450377,
  "columns": [
    "run_id",
    "event_id",
    "tick_ms",
    "phase",
    "close",
    "mid_price",
    "ofi",
    "spread_bps",
    "depth_imbalance",
    "trade_intensity",
    "realized_vol_50",
    "leverage_proxy",
    "kyle_lambda",
    "vpin",
    "flash_crash_flag",
    "mean_wealth_t",
    "pct_insolvent",
    "wealth_concentration"
  ]
}