{
  "scenario": "llm",
  "calibration_phase": "pre",
  "n_runs": 5,
  "n_rows": 57350,
  "tick_ms": 100,
  "crash_window_ticks": 10,
  "crash_threshold_pct": 1.93,
  "min_price_fraction": 0.6,
  "flash_crash_rate": 0.0,
  "run_max_drawdown_pct": {
    "mean": 0.5926586000302255,
    "p50": 0.8431829715126288,
    "p90": 0.8882289943761238,
    "p95": 0.9017893891925736,
    "p99": 0.9126377050457334,
    "max": 0.9153497840090233
  },
  "mean_ofi_pre": 0.19930390688814706,
  "mean_ofi_drop": -4.313270453182672,
  "mean_wealth_by_phase": {
    "drop": 413637.28317190666,
    "post": 573814.396240583,
    "pre": 175646.3042798321,
    "recovery": 660467.0214975231
  },
  "pct_insolvent_peak": 0.2,
  "wealth_concentration_drop": 0.9365341693933494,
  "columns": [
    "run_id",
    "event_id",
    "tick_ms",
    "phase",
    "close",
    "mid_price",
    "ofi",
    "spread_bps",
    "depth_imbalance",
    "trade_intensity",
    "realized_vol_50",
    "leverage_proxy",
    "kyle_lambda",
    "vpin",
    "flash_crash_flag",
    "mean_wealth_t",
    "pct_insolvent",
    "wealth_concentration"
  ]
}