{
  "scenario": "llm",
  "calibration_phase": "pre",
  "n_runs": 5,
  "n_rows": 58750,
  "tick_ms": 100,
  "crash_window_ticks": 10,
  "crash_threshold_pct": 1.93,
  "min_price_fraction": 0.6,
  "flash_crash_rate": 0.0,
  "run_max_drawdown_pct": {
    "mean": 0.21239340069987195,
    "p50": 0.14793646470669694,
    "p90": 0.31878451238950994,
    "p95": 0.32684116704047794,
    "p99": 0.3332864907612524,
    "max": 0.334897821691446
  },
  "mean_ofi_pre": 0.08607779040592611,
  "mean_ofi_drop": -3.351090967731434,
  "mean_wealth_by_phase": {
    "drop": 349001.498050236,
    "post": 374757.83778199035,
    "pre": 175134.3852572472,
    "recovery": 543982.6867281328
  },
  "pct_insolvent_peak": 0.18,
  "wealth_concentration_drop": 0.8786483190243373,
  "columns": [
    "run_id",
    "event_id",
    "tick_ms",
    "phase",
    "close",
    "mid_price",
    "ofi",
    "spread_bps",
    "depth_imbalance",
    "trade_intensity",
    "realized_vol_50",
    "leverage_proxy",
    "kyle_lambda",
    "vpin",
    "flash_crash_flag",
    "mean_wealth_t",
    "pct_insolvent",
    "wealth_concentration"
  ]
}