{
  "scenario": "llm",
  "calibration_phase": "pre",
  "n_runs": 5,
  "n_rows": 56150,
  "tick_ms": 100,
  "crash_window_ticks": 10,
  "crash_threshold_pct": 1.93,
  "min_price_fraction": 0.6,
  "flash_crash_rate": 0.0,
  "run_max_drawdown_pct": {
    "mean": 0.40954393419873475,
    "p50": 0.3417669623509219,
    "p90": 0.6336359329166601,
    "p95": 0.7241209071653035,
    "p99": 0.7965088865642185,
    "max": 0.8146058814139472
  },
  "mean_ofi_pre": 0.16186678778112903,
  "mean_ofi_drop": -3.3708320132306775,
  "mean_wealth_by_phase": {
    "drop": 341940.16157466604,
    "post": 438798.7440279315,
    "pre": 175436.10321096756,
    "recovery": 563517.1680101405
  },
  "pct_insolvent_peak": 0.2,
  "wealth_concentration_drop": 0.9206918137239557,
  "columns": [
    "run_id",
    "event_id",
    "tick_ms",
    "phase",
    "close",
    "mid_price",
    "ofi",
    "spread_bps",
    "depth_imbalance",
    "trade_intensity",
    "realized_vol_50",
    "leverage_proxy",
    "kyle_lambda",
    "vpin",
    "flash_crash_flag",
    "mean_wealth_t",
    "pct_insolvent",
    "wealth_concentration"
  ]
}