{
  "scenario": "llm",
  "calibration_phase": "pre",
  "n_runs": 5,
  "n_rows": 58750,
  "tick_ms": 100,
  "crash_window_ticks": 10,
  "crash_threshold_pct": 1.93,
  "min_price_fraction": 0.6,
  "flash_crash_rate": 0.0,
  "run_max_drawdown_pct": {
    "mean": 0.3164389563960882,
    "p50": 0.2151270261654094,
    "p90": 0.5705189371432194,
    "p95": 0.6819838401756093,
    "p99": 0.7711557626015215,
    "max": 0.7934487432079995
  },
  "mean_ofi_pre": 0.11927772004412203,
  "mean_ofi_drop": -5.419252804981961,
  "mean_wealth_by_phase": {
    "drop": 557884.1655781429,
    "post": 691691.6173564971,
    "pre": 175336.1657169408,
    "recovery": 1028150.7741979904
  },
  "pct_insolvent_peak": 0.2,
  "wealth_concentration_drop": 0.9131924137455912,
  "columns": [
    "run_id",
    "event_id",
    "tick_ms",
    "phase",
    "close",
    "mid_price",
    "ofi",
    "spread_bps",
    "depth_imbalance",
    "trade_intensity",
    "realized_vol_50",
    "leverage_proxy",
    "kyle_lambda",
    "vpin",
    "flash_crash_flag",
    "mean_wealth_t",
    "pct_insolvent",
    "wealth_concentration"
  ]
}