{
  "scenario": "llm",
  "calibration_phase": "pre",
  "n_runs": 5,
  "n_rows": 58750,
  "tick_ms": 100,
  "crash_window_ticks": 10,
  "crash_threshold_pct": 1.93,
  "min_price_fraction": 0.6,
  "flash_crash_rate": 0.0,
  "run_max_drawdown_pct": {
    "mean": 0.26417466420346764,
    "p50": 0.2885775254517336,
    "p90": 0.32902201597388664,
    "p95": 0.3299749824063332,
    "p99": 0.3307373555522905,
    "max": 0.33092794883877985
  },
  "mean_ofi_pre": 0.08429480199220875,
  "mean_ofi_drop": -3.376662856032717,
  "mean_wealth_by_phase": {
    "drop": 362641.6931872432,
    "post": 388026.40958410536,
    "pre": 175172.46191388665,
    "recovery": 590089.0584478225
  },
  "pct_insolvent_peak": 0.2,
  "wealth_concentration_drop": 0.9092041266916975,
  "columns": [
    "run_id",
    "event_id",
    "tick_ms",
    "phase",
    "close",
    "mid_price",
    "ofi",
    "spread_bps",
    "depth_imbalance",
    "trade_intensity",
    "realized_vol_50",
    "leverage_proxy",
    "kyle_lambda",
    "vpin",
    "flash_crash_flag",
    "mean_wealth_t",
    "pct_insolvent",
    "wealth_concentration"
  ]
}