{
  "scenario": "llm",
  "calibration_phase": "pre",
  "n_runs": 5,
  "n_rows": 58750,
  "tick_ms": 100,
  "crash_window_ticks": 10,
  "crash_threshold_pct": 1.93,
  "min_price_fraction": 0.6,
  "flash_crash_rate": 0.0,
  "run_max_drawdown_pct": {
    "mean": 0.5744679789999619,
    "p50": 0.588756765290016,
    "p90": 0.7818432608557258,
    "p95": 0.7968454572770025,
    "p99": 0.808847214414024,
    "max": 0.8118476536982793
  },
  "mean_ofi_pre": 0.22157023159443037,
  "mean_ofi_drop": -4.5115553109897215,
  "mean_wealth_by_phase": {
    "drop": 428132.1559667983,
    "post": 565671.5637853137,
    "pre": 175591.54397330125,
    "recovery": 714567.8377940606
  },
  "pct_insolvent_peak": 0.2,
  "wealth_concentration_drop": 0.9281253948651562,
  "columns": [
    "run_id",
    "event_id",
    "tick_ms",
    "phase",
    "close",
    "mid_price",
    "ofi",
    "spread_bps",
    "depth_imbalance",
    "trade_intensity",
    "realized_vol_50",
    "leverage_proxy",
    "kyle_lambda",
    "vpin",
    "flash_crash_flag",
    "mean_wealth_t",
    "pct_insolvent",
    "wealth_concentration"
  ]
}