{
  "scenario": "llm",
  "calibration_phase": "pre",
  "n_runs": 5,
  "n_rows": 58750,
  "tick_ms": 100,
  "crash_window_ticks": 10,
  "crash_threshold_pct": 1.93,
  "min_price_fraction": 0.6,
  "flash_crash_rate": 0.0,
  "run_max_drawdown_pct": {
    "mean": 0.48940455394778326,
    "p50": 0.3386558705882159,
    "p90": 0.7909440005624072,
    "p95": 0.8310123228151496,
    "p99": 0.8630669806173434,
    "max": 0.871080645067892
  },
  "mean_ofi_pre": 0.1757607738145959,
  "mean_ofi_drop": -4.4627902084280064,
  "mean_wealth_by_phase": {
    "drop": 436031.41894266556,
    "post": 580822.278556392,
    "pre": 175481.74435049415,
    "recovery": 764121.0357639192
  },
  "pct_insolvent_peak": 0.19,
  "wealth_concentration_drop": 0.9138119540012557,
  "columns": [
    "run_id",
    "event_id",
    "tick_ms",
    "phase",
    "close",
    "mid_price",
    "ofi",
    "spread_bps",
    "depth_imbalance",
    "trade_intensity",
    "realized_vol_50",
    "leverage_proxy",
    "kyle_lambda",
    "vpin",
    "flash_crash_flag",
    "mean_wealth_t",
    "pct_insolvent",
    "wealth_concentration"
  ]
}