{
  "scenario": "llm",
  "calibration_phase": "pre",
  "n_runs": 5,
  "n_rows": 58750,
  "tick_ms": 100,
  "crash_window_ticks": 10,
  "crash_threshold_pct": 1.93,
  "min_price_fraction": 0.6,
  "flash_crash_rate": 0.0,
  "run_max_drawdown_pct": {
    "mean": 0.31271917492787116,
    "p50": 0.22543997504343785,
    "p90": 0.5700848292168393,
    "p95": 0.6581455537570113,
    "p99": 0.728594133389149,
    "max": 0.7462062782971834
  },
  "mean_ofi_pre": 0.1023394329498825,
  "mean_ofi_drop": -4.393254822681,
  "mean_wealth_by_phase": {
    "drop": 438434.96202147263,
    "post": 552190.4049512437,
    "pre": 175286.9931548491,
    "recovery": 755060.9078023293
  },
  "pct_insolvent_peak": 0.2,
  "wealth_concentration_drop": 0.8973842753647099,
  "columns": [
    "run_id",
    "event_id",
    "tick_ms",
    "phase",
    "close",
    "mid_price",
    "ofi",
    "spread_bps",
    "depth_imbalance",
    "trade_intensity",
    "realized_vol_50",
    "leverage_proxy",
    "kyle_lambda",
    "vpin",
    "flash_crash_flag",
    "mean_wealth_t",
    "pct_insolvent",
    "wealth_concentration"
  ]
}