{
  "scenario": "llm",
  "calibration_phase": "pre",
  "n_runs": 5,
  "n_rows": 58750,
  "tick_ms": 100,
  "crash_window_ticks": 10,
  "crash_threshold_pct": 1.93,
  "min_price_fraction": 0.6,
  "flash_crash_rate": 0.0,
  "run_max_drawdown_pct": {
    "mean": 0.7284402549613909,
    "p50": 0.8235919245636065,
    "p90": 1.0046393186888347,
    "p95": 1.018280782556046,
    "p99": 1.029193953649815,
    "max": 1.0319222464232571
  },
  "mean_ofi_pre": 0.21284942449924543,
  "mean_ofi_drop": -5.421427266289423,
  "mean_wealth_by_phase": {
    "drop": 506478.18473564845,
    "post": 651702.7167339276,
    "pre": 175572.85853803606,
    "recovery": 813099.9992080084
  },
  "pct_insolvent_peak": 0.2,
  "wealth_concentration_drop": 0.9516772309973376,
  "columns": [
    "run_id",
    "event_id",
    "tick_ms",
    "phase",
    "close",
    "mid_price",
    "ofi",
    "spread_bps",
    "depth_imbalance",
    "trade_intensity",
    "realized_vol_50",
    "leverage_proxy",
    "kyle_lambda",
    "vpin",
    "flash_crash_flag",
    "mean_wealth_t",
    "pct_insolvent",
    "wealth_concentration"
  ]
}