{
  "scenario": "llm",
  "calibration_phase": "pre",
  "n_runs": 5,
  "n_rows": 58750,
  "tick_ms": 100,
  "crash_window_ticks": 10,
  "crash_threshold_pct": 1.93,
  "min_price_fraction": 0.6,
  "flash_crash_rate": 0.0,
  "run_max_drawdown_pct": {
    "mean": 0.4917764853527765,
    "p50": 0.3260212569551804,
    "p90": 0.9648429275746386,
    "p95": 1.170807159692309,
    "p99": 1.3355785453864457,
    "max": 1.3767713918099798
  },
  "mean_ofi_pre": 0.16393170225430548,
  "mean_ofi_drop": -4.44861554577972,
  "mean_wealth_by_phase": {
    "drop": 419096.0680203569,
    "post": 491009.0485566795,
    "pre": 175636.5267577026,
    "recovery": 705667.5865950306
  },
  "pct_insolvent_peak": 0.19,
  "wealth_concentration_drop": 0.9068060744755209,
  "columns": [
    "run_id",
    "event_id",
    "tick_ms",
    "phase",
    "close",
    "mid_price",
    "ofi",
    "spread_bps",
    "depth_imbalance",
    "trade_intensity",
    "realized_vol_50",
    "leverage_proxy",
    "kyle_lambda",
    "vpin",
    "flash_crash_flag",
    "mean_wealth_t",
    "pct_insolvent",
    "wealth_concentration"
  ]
}