{
  "scenario": "llm",
  "calibration_phase": "pre",
  "n_runs": 5,
  "n_rows": 58750,
  "tick_ms": 100,
  "crash_window_ticks": 10,
  "crash_threshold_pct": 1.93,
  "min_price_fraction": 0.6,
  "flash_crash_rate": 0.0,
  "run_max_drawdown_pct": {
    "mean": 0.55703561760618,
    "p50": 0.22099173493510116,
    "p90": 1.2247423561202955,
    "p95": 1.3520740796377149,
    "p99": 1.4539394584516505,
    "max": 1.4794058031551345
  },
  "mean_ofi_pre": 0.17960252864848464,
  "mean_ofi_drop": -3.198501180326518,
  "mean_wealth_by_phase": {
    "drop": 350903.10367231956,
    "post": 417210.49444520334,
    "pre": 175739.09225617975,
    "recovery": 551629.8208733266
  },
  "pct_insolvent_peak": 0.2,
  "wealth_concentration_drop": 0.9599350553442246,
  "columns": [
    "run_id",
    "event_id",
    "tick_ms",
    "phase",
    "close",
    "mid_price",
    "ofi",
    "spread_bps",
    "depth_imbalance",
    "trade_intensity",
    "realized_vol_50",
    "leverage_proxy",
    "kyle_lambda",
    "vpin",
    "flash_crash_flag",
    "mean_wealth_t",
    "pct_insolvent",
    "wealth_concentration"
  ]
}