{
  "scenario": "llm",
  "calibration_phase": "pre",
  "n_runs": 5,
  "n_rows": 58750,
  "tick_ms": 100,
  "crash_window_ticks": 10,
  "crash_threshold_pct": 1.93,
  "min_price_fraction": 0.6,
  "flash_crash_rate": 0.0,
  "run_max_drawdown_pct": {
    "mean": 0.461316154512242,
    "p50": 0.28798486727507755,
    "p90": 0.8365482755198864,
    "p95": 0.8549648081980602,
    "p99": 0.8696980343405992,
    "max": 0.873381340876234
  },
  "mean_ofi_pre": 0.13135447770432998,
  "mean_ofi_drop": -5.546163190976862,
  "mean_wealth_by_phase": {
    "drop": 524469.835336163,
    "post": 695357.3184922772,
    "pre": 175386.66408310647,
    "recovery": 923751.0025156762
  },
  "pct_insolvent_peak": 0.2,
  "wealth_concentration_drop": 0.9018654004385261,
  "columns": [
    "run_id",
    "event_id",
    "tick_ms",
    "phase",
    "close",
    "mid_price",
    "ofi",
    "spread_bps",
    "depth_imbalance",
    "trade_intensity",
    "realized_vol_50",
    "leverage_proxy",
    "kyle_lambda",
    "vpin",
    "flash_crash_flag",
    "mean_wealth_t",
    "pct_insolvent",
    "wealth_concentration"
  ]
}