{
  "scenario": "llm",
  "calibration_phase": "pre",
  "n_runs": 5,
  "n_rows": 58750,
  "tick_ms": 100,
  "crash_window_ticks": 10,
  "crash_threshold_pct": 1.93,
  "min_price_fraction": 0.6,
  "flash_crash_rate": 0.0,
  "run_max_drawdown_pct": {
    "mean": 0.48322417721464567,
    "p50": 0.44139820327475254,
    "p90": 0.6979662202033228,
    "p95": 0.7718038924397272,
    "p99": 0.830874030228851,
    "max": 0.8456415646761319
  },
  "mean_ofi_pre": 0.17189853000300825,
  "mean_ofi_drop": -4.518606967382607,
  "mean_wealth_by_phase": {
    "drop": 455750.94478810317,
    "post": 574774.2298515145,
    "pre": 175445.5177626828,
    "recovery": 810606.4872451678
  },
  "pct_insolvent_peak": 0.21,
  "wealth_concentration_drop": 0.9172853414587013,
  "columns": [
    "run_id",
    "event_id",
    "tick_ms",
    "phase",
    "close",
    "mid_price",
    "ofi",
    "spread_bps",
    "depth_imbalance",
    "trade_intensity",
    "realized_vol_50",
    "leverage_proxy",
    "kyle_lambda",
    "vpin",
    "flash_crash_flag",
    "mean_wealth_t",
    "pct_insolvent",
    "wealth_concentration"
  ]
}