{
  "scenario": "llm",
  "calibration_phase": "pre",
  "n_runs": 5,
  "n_rows": 56150,
  "tick_ms": 100,
  "crash_window_ticks": 10,
  "crash_threshold_pct": 1.93,
  "min_price_fraction": 0.6,
  "flash_crash_rate": 0.0,
  "run_max_drawdown_pct": {
    "mean": 0.32301268213596274,
    "p50": 0.2652052212006114,
    "p90": 0.48809110543423573,
    "p95": 0.5484929765981496,
    "p99": 0.5968144735292807,
    "max": 0.6088948477620636
  },
  "mean_ofi_pre": 0.14904110402373055,
  "mean_ofi_drop": -3.471858068714722,
  "mean_wealth_by_phase": {
    "drop": 337453.04870933783,
    "post": 420193.61709621514,
    "pre": 175357.44625106937,
    "recovery": 545337.9027651721
  },
  "pct_insolvent_peak": 0.18,
  "wealth_concentration_drop": 0.8847907869725999,
  "columns": [
    "run_id",
    "event_id",
    "tick_ms",
    "phase",
    "close",
    "mid_price",
    "ofi",
    "spread_bps",
    "depth_imbalance",
    "trade_intensity",
    "realized_vol_50",
    "leverage_proxy",
    "kyle_lambda",
    "vpin",
    "flash_crash_flag",
    "mean_wealth_t",
    "pct_insolvent",
    "wealth_concentration"
  ]
}