{
  "scenario": "llm",
  "calibration_phase": "pre",
  "n_runs": 5,
  "n_rows": 58750,
  "tick_ms": 100,
  "crash_window_ticks": 10,
  "crash_threshold_pct": 1.93,
  "min_price_fraction": 0.6,
  "flash_crash_rate": 0.0,
  "run_max_drawdown_pct": {
    "mean": 0.4097809205407099,
    "p50": 0.21211739023070464,
    "p90": 0.8418576409170239,
    "p95": 1.0469661008485496,
    "p99": 1.2110528687937705,
    "max": 1.2520745607800758
  },
  "mean_ofi_pre": 0.13837131869197308,
  "mean_ofi_drop": -3.2410118603304046,
  "mean_wealth_by_phase": {
    "drop": 347261.52647678717,
    "post": 368485.34135735495,
    "pre": 175567.04303588957,
    "recovery": 544766.3932577457
  },
  "pct_insolvent_peak": 0.19,
  "wealth_concentration_drop": 0.9269774207793908,
  "columns": [
    "run_id",
    "event_id",
    "tick_ms",
    "phase",
    "close",
    "mid_price",
    "ofi",
    "spread_bps",
    "depth_imbalance",
    "trade_intensity",
    "realized_vol_50",
    "leverage_proxy",
    "kyle_lambda",
    "vpin",
    "flash_crash_flag",
    "mean_wealth_t",
    "pct_insolvent",
    "wealth_concentration"
  ]
}