{
  "scenario": "llm",
  "calibration_phase": "pre",
  "n_runs": 5,
  "n_rows": 58750,
  "tick_ms": 100,
  "crash_window_ticks": 10,
  "crash_threshold_pct": 1.93,
  "min_price_fraction": 0.6,
  "flash_crash_rate": 0.0,
  "run_max_drawdown_pct": {
    "mean": 0.37203375223497753,
    "p50": 0.36261836084372906,
    "p90": 0.5285583092067846,
    "p95": 0.5672284399214566,
    "p99": 0.5981645444931942,
    "max": 0.6058985706361286
  },
  "mean_ofi_pre": 0.13634110804865654,
  "mean_ofi_drop": -4.473666165720799,
  "mean_wealth_by_phase": {
    "drop": 436463.1362128806,
    "post": 549278.4402468211,
    "pre": 175317.43850784138,
    "recovery": 774543.2692932837
  },
  "pct_insolvent_peak": 0.2,
  "wealth_concentration_drop": 0.8968459384735792,
  "columns": [
    "run_id",
    "event_id",
    "tick_ms",
    "phase",
    "close",
    "mid_price",
    "ofi",
    "spread_bps",
    "depth_imbalance",
    "trade_intensity",
    "realized_vol_50",
    "leverage_proxy",
    "kyle_lambda",
    "vpin",
    "flash_crash_flag",
    "mean_wealth_t",
    "pct_insolvent",
    "wealth_concentration"
  ]
}