{
  "scenario": "llm",
  "calibration_phase": "pre",
  "n_runs": 5,
  "n_rows": 58750,
  "tick_ms": 100,
  "crash_window_ticks": 10,
  "crash_threshold_pct": 1.93,
  "min_price_fraction": 0.6,
  "flash_crash_rate": 0.2,
  "run_max_drawdown_pct": {
    "mean": 0.7559356837082468,
    "p50": 0.36660754085130665,
    "p90": 1.6199858757663037,
    "p95": 1.992279611936057,
    "p99": 2.2901146008718607,
    "max": 2.3645733481058113
  },
  "mean_ofi_pre": 0.18100000578244402,
  "mean_ofi_drop": -5.308312224725538,
  "mean_wealth_by_phase": {
    "drop": 602087.0172720294,
    "post": 799161.5931707224,
    "pre": 175770.29845075574,
    "recovery": 1162044.0640137768
  },
  "pct_insolvent_peak": 0.2,
  "wealth_concentration_drop": 0.9652385767838909,
  "columns": [
    "run_id",
    "event_id",
    "tick_ms",
    "phase",
    "close",
    "mid_price",
    "ofi",
    "spread_bps",
    "depth_imbalance",
    "trade_intensity",
    "realized_vol_50",
    "leverage_proxy",
    "kyle_lambda",
    "vpin",
    "flash_crash_flag",
    "mean_wealth_t",
    "pct_insolvent",
    "wealth_concentration"
  ]
}