{
  "scenario": "llm",
  "calibration_phase": "pre",
  "n_runs": 5,
  "n_rows": 58750,
  "tick_ms": 100,
  "crash_window_ticks": 10,
  "crash_threshold_pct": 1.93,
  "min_price_fraction": 0.6,
  "flash_crash_rate": 0.2,
  "run_max_drawdown_pct": {
    "mean": 0.7731478940270119,
    "p50": 0.29344520826791515,
    "p90": 1.6550602982743072,
    "p95": 1.7943777438444224,
    "p99": 1.905831700300515,
    "max": 1.933695189414538
  },
  "mean_ofi_pre": 0.22703183258055964,
  "mean_ofi_drop": -5.443932343696506,
  "mean_wealth_by_phase": {
    "drop": 510141.90733252966,
    "post": 664397.6383048627,
    "pre": 175983.0281831711,
    "recovery": 950247.8770515992
  },
  "pct_insolvent_peak": 0.2,
  "wealth_concentration_drop": 0.9304216820981748,
  "columns": [
    "run_id",
    "event_id",
    "tick_ms",
    "phase",
    "close",
    "mid_price",
    "ofi",
    "spread_bps",
    "depth_imbalance",
    "trade_intensity",
    "realized_vol_50",
    "leverage_proxy",
    "kyle_lambda",
    "vpin",
    "flash_crash_flag",
    "mean_wealth_t",
    "pct_insolvent",
    "wealth_concentration"
  ]
}