{
  "scenario": "llm",
  "calibration_phase": "pre",
  "n_runs": 5,
  "n_rows": 56150,
  "tick_ms": 100,
  "crash_window_ticks": 10,
  "crash_threshold_pct": 1.93,
  "min_price_fraction": 0.6,
  "flash_crash_rate": 0.0,
  "run_max_drawdown_pct": {
    "mean": 0.7439775846846441,
    "p50": 0.41668258401635766,
    "p90": 1.5203143363031701,
    "p95": 1.7152943164495604,
    "p99": 1.8712783005666729,
    "max": 1.910274296595951
  },
  "mean_ofi_pre": 0.22416010819938872,
  "mean_ofi_drop": -5.274254892748194,
  "mean_wealth_by_phase": {
    "drop": 514018.770419931,
    "post": 702150.6001109778,
    "pre": 175961.6374473915,
    "recovery": 885373.8742817967
  },
  "pct_insolvent_peak": 0.2,
  "wealth_concentration_drop": 0.9418610898873438,
  "columns": [
    "run_id",
    "event_id",
    "tick_ms",
    "phase",
    "close",
    "mid_price",
    "ofi",
    "spread_bps",
    "depth_imbalance",
    "trade_intensity",
    "realized_vol_50",
    "leverage_proxy",
    "kyle_lambda",
    "vpin",
    "flash_crash_flag",
    "mean_wealth_t",
    "pct_insolvent",
    "wealth_concentration"
  ]
}