{
  "scenario": "llm",
  "calibration_phase": "pre",
  "n_runs": 5,
  "n_rows": 56150,
  "tick_ms": 100,
  "crash_window_ticks": 10,
  "crash_threshold_pct": 1.93,
  "min_price_fraction": 0.6,
  "flash_crash_rate": 0.0,
  "run_max_drawdown_pct": {
    "mean": 0.5643722958655885,
    "p50": 0.25189047466606834,
    "p90": 1.2015238676348432,
    "p95": 1.357825355552412,
    "p99": 1.4828665458864674,
    "max": 1.5141268434699813
  },
  "mean_ofi_pre": 0.2030373785511006,
  "mean_ofi_drop": -4.298800306480091,
  "mean_wealth_by_phase": {
    "drop": 403167.0604338806,
    "post": 541366.126685389,
    "pre": 175847.39662040485,
    "recovery": 639282.693200082
  },
  "pct_insolvent_peak": 0.19,
  "wealth_concentration_drop": 0.9274323779318955,
  "columns": [
    "run_id",
    "event_id",
    "tick_ms",
    "phase",
    "close",
    "mid_price",
    "ofi",
    "spread_bps",
    "depth_imbalance",
    "trade_intensity",
    "realized_vol_50",
    "leverage_proxy",
    "kyle_lambda",
    "vpin",
    "flash_crash_flag",
    "mean_wealth_t",
    "pct_insolvent",
    "wealth_concentration"
  ]
}