{
  "scenario": "llm",
  "calibration_phase": "pre",
  "n_runs": 5,
  "n_rows": 58750,
  "tick_ms": 100,
  "crash_window_ticks": 10,
  "crash_threshold_pct": 1.93,
  "min_price_fraction": 0.6,
  "flash_crash_rate": 0.0,
  "run_max_drawdown_pct": {
    "mean": 0.5430992324095103,
    "p50": 0.27145920504434645,
    "p90": 1.0817101920244594,
    "p95": 1.216618862530599,
    "p99": 1.324545798935511,
    "max": 1.351527533036739
  },
  "mean_ofi_pre": 0.22624888535834475,
  "mean_ofi_drop": -3.4568209852494025,
  "mean_wealth_by_phase": {
    "drop": 318332.1132905206,
    "post": 378656.37698124227,
    "pre": 175893.80213946357,
    "recovery": 485196.723969005
  },
  "pct_insolvent_peak": 0.19,
  "wealth_concentration_drop": 0.8928362150511083,
  "columns": [
    "run_id",
    "event_id",
    "tick_ms",
    "phase",
    "close",
    "mid_price",
    "ofi",
    "spread_bps",
    "depth_imbalance",
    "trade_intensity",
    "realized_vol_50",
    "leverage_proxy",
    "kyle_lambda",
    "vpin",
    "flash_crash_flag",
    "mean_wealth_t",
    "pct_insolvent",
    "wealth_concentration"
  ]
}