{
  "scenario": "llm",
  "calibration_phase": "pre",
  "n_runs": 5,
  "n_rows": 56150,
  "tick_ms": 100,
  "crash_window_ticks": 10,
  "crash_threshold_pct": 1.93,
  "min_price_fraction": 0.6,
  "flash_crash_rate": 0.0,
  "run_max_drawdown_pct": {
    "mean": 0.4162587580625928,
    "p50": 0.3565977468921839,
    "p90": 0.6177535931992263,
    "p95": 0.6999410930745228,
    "p99": 0.7656910929747601,
    "max": 0.7821285929498194
  },
  "mean_ofi_pre": 0.1481305566227327,
  "mean_ofi_drop": -5.585233667430224,
  "mean_wealth_by_phase": {
    "drop": 550422.6464363642,
    "post": 804538.1652240988,
    "pre": 175360.08935415593,
    "recovery": 1024263.9863404591
  },
  "pct_insolvent_peak": 0.2,
  "wealth_concentration_drop": 0.8961656035315076,
  "columns": [
    "run_id",
    "event_id",
    "tick_ms",
    "phase",
    "close",
    "mid_price",
    "ofi",
    "spread_bps",
    "depth_imbalance",
    "trade_intensity",
    "realized_vol_50",
    "leverage_proxy",
    "kyle_lambda",
    "vpin",
    "flash_crash_flag",
    "mean_wealth_t",
    "pct_insolvent",
    "wealth_concentration"
  ]
}