{
  "scenario": "llm",
  "calibration_phase": "pre",
  "n_runs": 5,
  "n_rows": 58750,
  "tick_ms": 100,
  "crash_window_ticks": 10,
  "crash_threshold_pct": 1.93,
  "min_price_fraction": 0.6,
  "flash_crash_rate": 0.0,
  "run_max_drawdown_pct": {
    "mean": 0.6089342462675493,
    "p50": 0.7139235987935791,
    "p90": 0.8037831600467149,
    "p95": 0.8332462677331959,
    "p99": 0.8568167538823808,
    "max": 0.862709375419677
  },
  "mean_ofi_pre": 0.19772597392841487,
  "mean_ofi_drop": -5.4723774073128055,
  "mean_wealth_by_phase": {
    "drop": 526459.258369125,
    "post": 730029.8461758109,
    "pre": 175543.98338571278,
    "recovery": 874488.5339567042
  },
  "pct_insolvent_peak": 0.2,
  "wealth_concentration_drop": 0.9350110044369483,
  "columns": [
    "run_id",
    "event_id",
    "tick_ms",
    "phase",
    "close",
    "mid_price",
    "ofi",
    "spread_bps",
    "depth_imbalance",
    "trade_intensity",
    "realized_vol_50",
    "leverage_proxy",
    "kyle_lambda",
    "vpin",
    "flash_crash_flag",
    "mean_wealth_t",
    "pct_insolvent",
    "wealth_concentration"
  ]
}