{
  "scenario": "llm",
  "calibration_phase": "pre",
  "n_runs": 5,
  "n_rows": 58750,
  "tick_ms": 100,
  "crash_window_ticks": 10,
  "crash_threshold_pct": 1.93,
  "min_price_fraction": 0.6,
  "flash_crash_rate": 0.0,
  "run_max_drawdown_pct": {
    "mean": 0.5813928352906103,
    "p50": 0.319483260434966,
    "p90": 1.1590298505885048,
    "p95": 1.338939726194661,
    "p99": 1.4828676266795862,
    "max": 1.5188496018008175
  },
  "mean_ofi_pre": 0.24391655660363395,
  "mean_ofi_drop": -4.500558230740408,
  "mean_wealth_by_phase": {
    "drop": 394701.34487308067,
    "post": 490341.4245468445,
    "pre": 175977.50632111068,
    "recovery": 649487.3620546144
  },
  "pct_insolvent_peak": 0.2,
  "wealth_concentration_drop": 0.9092534206771988,
  "columns": [
    "run_id",
    "event_id",
    "tick_ms",
    "phase",
    "close",
    "mid_price",
    "ofi",
    "spread_bps",
    "depth_imbalance",
    "trade_intensity",
    "realized_vol_50",
    "leverage_proxy",
    "kyle_lambda",
    "vpin",
    "flash_crash_flag",
    "mean_wealth_t",
    "pct_insolvent",
    "wealth_concentration"
  ]
}