{
  "scenario": "llm",
  "calibration_phase": "pre",
  "n_runs": 5,
  "n_rows": 56350,
  "tick_ms": 100,
  "crash_window_ticks": 10,
  "crash_threshold_pct": 1.93,
  "min_price_fraction": 0.6,
  "flash_crash_rate": 0.0,
  "run_max_drawdown_pct": {
    "mean": 0.5342421525562315,
    "p50": 0.3043791272434798,
    "p90": 1.115878671837434,
    "p95": 1.3775802324176403,
    "p99": 1.5869414808818056,
    "max": 1.639281792997847
  },
  "mean_ofi_pre": 0.15982824636879564,
  "mean_ofi_drop": -4.334264733218685,
  "mean_wealth_by_phase": {
    "drop": 442061.70737054397,
    "post": 591460.8911546075,
    "pre": 175606.7206979993,
    "recovery": 771529.0763832933
  },
  "pct_insolvent_peak": 0.2,
  "wealth_concentration_drop": 0.9268675245046641,
  "columns": [
    "run_id",
    "event_id",
    "tick_ms",
    "phase",
    "close",
    "mid_price",
    "ofi",
    "spread_bps",
    "depth_imbalance",
    "trade_intensity",
    "realized_vol_50",
    "leverage_proxy",
    "kyle_lambda",
    "vpin",
    "flash_crash_flag",
    "mean_wealth_t",
    "pct_insolvent",
    "wealth_concentration"
  ]
}