{
  "scenario": "llm",
  "calibration_phase": "pre",
  "n_runs": 5,
  "n_rows": 58750,
  "tick_ms": 100,
  "crash_window_ticks": 10,
  "crash_threshold_pct": 1.93,
  "min_price_fraction": 0.6,
  "flash_crash_rate": 0.0,
  "run_max_drawdown_pct": {
    "mean": 0.53568840740296,
    "p50": 0.3375900706633799,
    "p90": 0.9193611928120557,
    "p95": 0.924060182000667,
    "p99": 0.9278193733515558,
    "max": 0.9287591711892781
  },
  "mean_ofi_pre": 0.17683935478500074,
  "mean_ofi_drop": -3.281823798895377,
  "mean_wealth_by_phase": {
    "drop": 349776.09422690247,
    "post": 455912.4727504764,
    "pre": 175546.38723590728,
    "recovery": 583356.8172961398
  },
  "pct_insolvent_peak": 0.21,
  "wealth_concentration_drop": 0.951396711557825,
  "columns": [
    "run_id",
    "event_id",
    "tick_ms",
    "phase",
    "close",
    "mid_price",
    "ofi",
    "spread_bps",
    "depth_imbalance",
    "trade_intensity",
    "realized_vol_50",
    "leverage_proxy",
    "kyle_lambda",
    "vpin",
    "flash_crash_flag",
    "mean_wealth_t",
    "pct_insolvent",
    "wealth_concentration"
  ]
}