{
  "scenario": "llm",
  "calibration_phase": "pre",
  "n_runs": 5,
  "n_rows": 58750,
  "tick_ms": 100,
  "crash_window_ticks": 10,
  "crash_threshold_pct": 1.93,
  "min_price_fraction": 0.6,
  "flash_crash_rate": 0.0,
  "run_max_drawdown_pct": {
    "mean": 0.26789169942535895,
    "p50": 0.31495388351326703,
    "p90": 0.3566222405766144,
    "p95": 0.3663587691657871,
    "p99": 0.3741479920371253,
    "max": 0.3760952977549598
  },
  "mean_ofi_pre": 0.0712689865829157,
  "mean_ofi_drop": -5.534127395877354,
  "mean_wealth_by_phase": {
    "drop": 586965.5527086367,
    "post": 710303.1704408774,
    "pre": 175106.26774945972,
    "recovery": 1127953.9238897343
  },
  "pct_insolvent_peak": 0.2,
  "wealth_concentration_drop": 0.9043027567262661,
  "columns": [
    "run_id",
    "event_id",
    "tick_ms",
    "phase",
    "close",
    "mid_price",
    "ofi",
    "spread_bps",
    "depth_imbalance",
    "trade_intensity",
    "realized_vol_50",
    "leverage_proxy",
    "kyle_lambda",
    "vpin",
    "flash_crash_flag",
    "mean_wealth_t",
    "pct_insolvent",
    "wealth_concentration"
  ]
}