{
  "scenario": "llm",
  "calibration_phase": "pre",
  "n_runs": 5,
  "n_rows": 58750,
  "tick_ms": 100,
  "crash_window_ticks": 10,
  "crash_threshold_pct": 1.93,
  "min_price_fraction": 0.6,
  "flash_crash_rate": 0.0,
  "run_max_drawdown_pct": {
    "mean": 0.5205428759334473,
    "p50": 0.6799761263591669,
    "p90": 0.7504067979271093,
    "p95": 0.7512955455712041,
    "p99": 0.75200654368648,
    "max": 0.752184293215299
  },
  "mean_ofi_pre": 0.2189905995589641,
  "mean_ofi_drop": -4.350733625732637,
  "mean_wealth_by_phase": {
    "drop": 405284.8813900262,
    "post": 559444.0136420156,
    "pre": 175724.09948906157,
    "recovery": 680973.4324029011
  },
  "pct_insolvent_peak": 0.2,
  "wealth_concentration_drop": 0.9221430433544,
  "columns": [
    "run_id",
    "event_id",
    "tick_ms",
    "phase",
    "close",
    "mid_price",
    "ofi",
    "spread_bps",
    "depth_imbalance",
    "trade_intensity",
    "realized_vol_50",
    "leverage_proxy",
    "kyle_lambda",
    "vpin",
    "flash_crash_flag",
    "mean_wealth_t",
    "pct_insolvent",
    "wealth_concentration"
  ]
}