{
  "scenario": "llm",
  "calibration_phase": "pre",
  "n_runs": 5,
  "n_rows": 58750,
  "tick_ms": 100,
  "crash_window_ticks": 10,
  "crash_threshold_pct": 1.93,
  "min_price_fraction": 0.6,
  "flash_crash_rate": 0.0,
  "run_max_drawdown_pct": {
    "mean": 0.34839779325876485,
    "p50": 0.4103226218720711,
    "p90": 0.4239491579270757,
    "p95": 0.4256736814845373,
    "p99": 0.4270533003305066,
    "max": 0.42739820504199894
  },
  "mean_ofi_pre": 0.09823486053582409,
  "mean_ofi_drop": -4.428065361940904,
  "mean_wealth_by_phase": {
    "drop": 526332.5518301156,
    "post": 663836.2915762046,
    "pre": 175176.5200780612,
    "recovery": 1005556.9453875858
  },
  "pct_insolvent_peak": 0.21,
  "wealth_concentration_drop": 0.9363710192604864,
  "columns": [
    "run_id",
    "event_id",
    "tick_ms",
    "phase",
    "close",
    "mid_price",
    "ofi",
    "spread_bps",
    "depth_imbalance",
    "trade_intensity",
    "realized_vol_50",
    "leverage_proxy",
    "kyle_lambda",
    "vpin",
    "flash_crash_flag",
    "mean_wealth_t",
    "pct_insolvent",
    "wealth_concentration"
  ]
}