{
  "scenario": "llm",
  "calibration_phase": "pre",
  "n_runs": 5,
  "n_rows": 58750,
  "tick_ms": 100,
  "crash_window_ticks": 10,
  "crash_threshold_pct": 1.93,
  "min_price_fraction": 0.6,
  "flash_crash_rate": 0.0,
  "run_max_drawdown_pct": {
    "mean": 0.2548331597173029,
    "p50": 0.27666260503455037,
    "p90": 0.29907383480626715,
    "p95": 0.2995848481322426,
    "p99": 0.299993658793023,
    "max": 0.3000958614582181
  },
  "mean_ofi_pre": 0.10453387197154092,
  "mean_ofi_drop": -3.462428987277049,
  "mean_wealth_by_phase": {
    "drop": 344161.626033371,
    "post": 383772.652279001,
    "pre": 175207.1391714089,
    "recovery": 545274.279195886
  },
  "pct_insolvent_peak": 0.17,
  "wealth_concentration_drop": 0.8672940761658433,
  "columns": [
    "run_id",
    "event_id",
    "tick_ms",
    "phase",
    "close",
    "mid_price",
    "ofi",
    "spread_bps",
    "depth_imbalance",
    "trade_intensity",
    "realized_vol_50",
    "leverage_proxy",
    "kyle_lambda",
    "vpin",
    "flash_crash_flag",
    "mean_wealth_t",
    "pct_insolvent",
    "wealth_concentration"
  ]
}