{
  "scenario": "llm",
  "calibration_phase": "pre",
  "n_runs": 5,
  "n_rows": 58750,
  "tick_ms": 100,
  "crash_window_ticks": 10,
  "crash_threshold_pct": 1.93,
  "min_price_fraction": 0.6,
  "flash_crash_rate": 0.0,
  "run_max_drawdown_pct": {
    "mean": 0.6224614432042973,
    "p50": 0.3393740170153587,
    "p90": 1.1638058229665347,
    "p95": 1.2986879072135409,
    "p99": 1.4065935746111462,
    "max": 1.4335699914605475
  },
  "mean_ofi_pre": 0.2593990074440084,
  "mean_ofi_drop": -3.3370348842212465,
  "mean_wealth_by_phase": {
    "drop": 325731.1635183764,
    "post": 375768.01675919443,
    "pre": 175926.1159400136,
    "recovery": 519307.8150765313
  },
  "pct_insolvent_peak": 0.18,
  "wealth_concentration_drop": 0.9288250446766765,
  "columns": [
    "run_id",
    "event_id",
    "tick_ms",
    "phase",
    "close",
    "mid_price",
    "ofi",
    "spread_bps",
    "depth_imbalance",
    "trade_intensity",
    "realized_vol_50",
    "leverage_proxy",
    "kyle_lambda",
    "vpin",
    "flash_crash_flag",
    "mean_wealth_t",
    "pct_insolvent",
    "wealth_concentration"
  ]
}