{
  "scenario": "llm",
  "calibration_phase": "pre",
  "n_runs": 5,
  "n_rows": 58750,
  "tick_ms": 100,
  "crash_window_ticks": 10,
  "crash_threshold_pct": 1.93,
  "min_price_fraction": 0.6,
  "flash_crash_rate": 0.0,
  "run_max_drawdown_pct": {
    "mean": 0.40116254830271797,
    "p50": 0.3807638876902954,
    "p90": 0.526070940234691,
    "p95": 0.5619402034437005,
    "p99": 0.5906356140109082,
    "max": 0.5978094666527102
  },
  "mean_ofi_pre": 0.11983387502786026,
  "mean_ofi_drop": -4.50056409410794,
  "mean_wealth_by_phase": {
    "drop": 469744.4843247081,
    "post": 573548.5457636706,
    "pre": 175240.89010948825,
    "recovery": 852074.6996551525
  },
  "pct_insolvent_peak": 0.2,
  "wealth_concentration_drop": 0.9142438519268226,
  "columns": [
    "run_id",
    "event_id",
    "tick_ms",
    "phase",
    "close",
    "mid_price",
    "ofi",
    "spread_bps",
    "depth_imbalance",
    "trade_intensity",
    "realized_vol_50",
    "leverage_proxy",
    "kyle_lambda",
    "vpin",
    "flash_crash_flag",
    "mean_wealth_t",
    "pct_insolvent",
    "wealth_concentration"
  ]
}