{
  "scenario": "llm",
  "calibration_phase": "pre",
  "n_runs": 5,
  "n_rows": 58750,
  "tick_ms": 100,
  "crash_window_ticks": 10,
  "crash_threshold_pct": 1.93,
  "min_price_fraction": 0.6,
  "flash_crash_rate": 0.0,
  "run_max_drawdown_pct": {
    "mean": 0.2558857726745404,
    "p50": 0.22462991458041398,
    "p90": 0.3522907212926843,
    "p95": 0.39431773482925236,
    "p99": 0.4279393456585069,
    "max": 0.4363447483658205
  },
  "mean_ofi_pre": 0.08949217092838199,
  "mean_ofi_drop": -3.375916225797761,
  "mean_wealth_by_phase": {
    "drop": 343522.8732904612,
    "post": 409948.9050609122,
    "pre": 175187.43921711296,
    "recovery": 546596.0375420861
  },
  "pct_insolvent_peak": 0.17,
  "wealth_concentration_drop": 0.8771371712221882,
  "columns": [
    "run_id",
    "event_id",
    "tick_ms",
    "phase",
    "close",
    "mid_price",
    "ofi",
    "spread_bps",
    "depth_imbalance",
    "trade_intensity",
    "realized_vol_50",
    "leverage_proxy",
    "kyle_lambda",
    "vpin",
    "flash_crash_flag",
    "mean_wealth_t",
    "pct_insolvent",
    "wealth_concentration"
  ]
}