{
  "scenario": "llm",
  "calibration_phase": "pre",
  "n_runs": 5,
  "n_rows": 58750,
  "tick_ms": 100,
  "crash_window_ticks": 10,
  "crash_threshold_pct": 1.93,
  "min_price_fraction": 0.6,
  "flash_crash_rate": 0.0,
  "run_max_drawdown_pct": {
    "mean": 0.5011995647498899,
    "p50": 0.34036666355159023,
    "p90": 1.0022303103326522,
    "p95": 1.1961749105822277,
    "p99": 1.3513305907818887,
    "max": 1.3901195108318039
  },
  "mean_ofi_pre": 0.21941072313700413,
  "mean_ofi_drop": -3.200277372598819,
  "mean_wealth_by_phase": {
    "drop": 323353.9173009357,
    "post": 423977.22374730994,
    "pre": 175851.90341591666,
    "recovery": 517797.5590358354
  },
  "pct_insolvent_peak": 0.2,
  "wealth_concentration_drop": 0.9369035345740591,
  "columns": [
    "run_id",
    "event_id",
    "tick_ms",
    "phase",
    "close",
    "mid_price",
    "ofi",
    "spread_bps",
    "depth_imbalance",
    "trade_intensity",
    "realized_vol_50",
    "leverage_proxy",
    "kyle_lambda",
    "vpin",
    "flash_crash_flag",
    "mean_wealth_t",
    "pct_insolvent",
    "wealth_concentration"
  ]
}