{
  "scenario": "llm",
  "calibration_phase": "pre",
  "n_runs": 5,
  "n_rows": 56550,
  "tick_ms": 100,
  "crash_window_ticks": 10,
  "crash_threshold_pct": 1.93,
  "min_price_fraction": 0.6,
  "flash_crash_rate": 0.0,
  "run_max_drawdown_pct": {
    "mean": 0.7138245826749691,
    "p50": 0.29552639053457214,
    "p90": 1.4571726233860893,
    "p95": 1.5133048393056068,
    "p99": 1.558210612041221,
    "max": 1.5694370552251244
  },
  "mean_ofi_pre": 0.26589300475762273,
  "mean_ofi_drop": -4.302961432135927,
  "mean_wealth_by_phase": {
    "drop": 378718.5804941649,
    "post": 480602.2524722659,
    "pre": 176294.76467332768,
    "recovery": 581460.1545336922
  },
  "pct_insolvent_peak": 0.19,
  "wealth_concentration_drop": 0.9216082420247386,
  "columns": [
    "run_id",
    "event_id",
    "tick_ms",
    "phase",
    "close",
    "mid_price",
    "ofi",
    "spread_bps",
    "depth_imbalance",
    "trade_intensity",
    "realized_vol_50",
    "leverage_proxy",
    "kyle_lambda",
    "vpin",
    "flash_crash_flag",
    "mean_wealth_t",
    "pct_insolvent",
    "wealth_concentration"
  ]
}