{
  "scenario": "llm",
  "calibration_phase": "pre",
  "n_runs": 5,
  "n_rows": 58750,
  "tick_ms": 100,
  "crash_window_ticks": 10,
  "crash_threshold_pct": 1.93,
  "min_price_fraction": 0.6,
  "flash_crash_rate": 0.0,
  "run_max_drawdown_pct": {
    "mean": 0.40586850609918257,
    "p50": 0.21863669354710452,
    "p90": 0.7304509225437474,
    "p95": 0.7318644608544445,
    "p99": 0.732995291503002,
    "max": 0.7332779991651414
  },
  "mean_ofi_pre": 0.14301786051124069,
  "mean_ofi_drop": -5.550242711341146,
  "mean_wealth_by_phase": {
    "drop": 537620.0370701437,
    "post": 696482.5568902927,
    "pre": 175398.04826021902,
    "recovery": 955900.5394715972
  },
  "pct_insolvent_peak": 0.2,
  "wealth_concentration_drop": 0.8994928381049908,
  "columns": [
    "run_id",
    "event_id",
    "tick_ms",
    "phase",
    "close",
    "mid_price",
    "ofi",
    "spread_bps",
    "depth_imbalance",
    "trade_intensity",
    "realized_vol_50",
    "leverage_proxy",
    "kyle_lambda",
    "vpin",
    "flash_crash_flag",
    "mean_wealth_t",
    "pct_insolvent",
    "wealth_concentration"
  ]
}