{
  "scenario": "llm",
  "calibration_phase": "pre",
  "n_runs": 5,
  "n_rows": 58750,
  "tick_ms": 100,
  "crash_window_ticks": 10,
  "crash_threshold_pct": 1.93,
  "min_price_fraction": 0.6,
  "flash_crash_rate": 0.0,
  "run_max_drawdown_pct": {
    "mean": 0.36209120531218975,
    "p50": 0.3773608876859451,
    "p90": 0.43671971836239365,
    "p95": 0.4471900507562076,
    "p99": 0.45556631667125874,
    "max": 0.45766038315002155
  },
  "mean_ofi_pre": 0.10563293820532749,
  "mean_ofi_drop": -5.588274677292278,
  "mean_wealth_by_phase": {
    "drop": 627364.0010151175,
    "post": 771151.8240233061,
    "pre": 175203.71249528194,
    "recovery": 1212983.6449180674
  },
  "pct_insolvent_peak": 0.2,
  "wealth_concentration_drop": 0.9177923649520117,
  "columns": [
    "run_id",
    "event_id",
    "tick_ms",
    "phase",
    "close",
    "mid_price",
    "ofi",
    "spread_bps",
    "depth_imbalance",
    "trade_intensity",
    "realized_vol_50",
    "leverage_proxy",
    "kyle_lambda",
    "vpin",
    "flash_crash_flag",
    "mean_wealth_t",
    "pct_insolvent",
    "wealth_concentration"
  ]
}