{
  "scenario": "llm",
  "calibration_phase": "pre",
  "n_runs": 5,
  "n_rows": 58750,
  "tick_ms": 100,
  "crash_window_ticks": 10,
  "crash_threshold_pct": 1.93,
  "min_price_fraction": 0.6,
  "flash_crash_rate": 0.0,
  "run_max_drawdown_pct": {
    "mean": 0.2534748695871462,
    "p50": 0.24558634796454565,
    "p90": 0.38472966056527574,
    "p95": 0.39566547816466036,
    "p99": 0.4044141322441681,
    "max": 0.406601295764045
  },
  "mean_ofi_pre": 0.08596936419074719,
  "mean_ofi_drop": -3.313982310021053,
  "mean_wealth_by_phase": {
    "drop": 371268.0122545909,
    "post": 413528.96933047177,
    "pre": 175165.98458581886,
    "recovery": 615817.5751429041
  },
  "pct_insolvent_peak": 0.2,
  "wealth_concentration_drop": 0.9092442135214495,
  "columns": [
    "run_id",
    "event_id",
    "tick_ms",
    "phase",
    "close",
    "mid_price",
    "ofi",
    "spread_bps",
    "depth_imbalance",
    "trade_intensity",
    "realized_vol_50",
    "leverage_proxy",
    "kyle_lambda",
    "vpin",
    "flash_crash_flag",
    "mean_wealth_t",
    "pct_insolvent",
    "wealth_concentration"
  ]
}