{
  "scenario": "llm",
  "calibration_phase": "pre",
  "n_runs": 5,
  "n_rows": 58750,
  "tick_ms": 100,
  "crash_window_ticks": 10,
  "crash_threshold_pct": 1.93,
  "min_price_fraction": 0.6,
  "flash_crash_rate": 0.2,
  "run_max_drawdown_pct": {
    "mean": 0.6081093631090816,
    "p50": 0.27247327336299354,
    "p90": 1.309965663479054,
    "p95": 1.6227310908762425,
    "p99": 1.8729434327939938,
    "max": 1.9354965182734316
  },
  "mean_ofi_pre": 0.16200788618764622,
  "mean_ofi_drop": -5.363943328382924,
  "mean_wealth_by_phase": {
    "drop": 568597.9454552082,
    "post": 762559.0489774623,
    "pre": 175723.3005535121,
    "recovery": 1135601.0732895217
  },
  "pct_insolvent_peak": 0.2,
  "wealth_concentration_drop": 0.9364023868514535,
  "columns": [
    "run_id",
    "event_id",
    "tick_ms",
    "phase",
    "close",
    "mid_price",
    "ofi",
    "spread_bps",
    "depth_imbalance",
    "trade_intensity",
    "realized_vol_50",
    "leverage_proxy",
    "kyle_lambda",
    "vpin",
    "flash_crash_flag",
    "mean_wealth_t",
    "pct_insolvent",
    "wealth_concentration"
  ]
}