{
  "scenario": "llm",
  "calibration_phase": "pre",
  "n_runs": 5,
  "n_rows": 58750,
  "tick_ms": 100,
  "crash_window_ticks": 10,
  "crash_threshold_pct": 1.93,
  "min_price_fraction": 0.6,
  "flash_crash_rate": 0.0,
  "run_max_drawdown_pct": {
    "mean": 0.2172055814116451,
    "p50": 0.1807443553729121,
    "p90": 0.327458188630369,
    "p95": 0.3557256266262041,
    "p99": 0.37833957702287224,
    "max": 0.3839930646220393
  },
  "mean_ofi_pre": 0.07184493939160941,
  "mean_ofi_drop": -4.381154759301836,
  "mean_wealth_by_phase": {
    "drop": 458616.7807551255,
    "post": 498521.9188013087,
    "pre": 175124.73027332287,
    "recovery": 788350.6112784828
  },
  "pct_insolvent_peak": 0.2,
  "wealth_concentration_drop": 0.8962901716783455,
  "columns": [
    "run_id",
    "event_id",
    "tick_ms",
    "phase",
    "close",
    "mid_price",
    "ofi",
    "spread_bps",
    "depth_imbalance",
    "trade_intensity",
    "realized_vol_50",
    "leverage_proxy",
    "kyle_lambda",
    "vpin",
    "flash_crash_flag",
    "mean_wealth_t",
    "pct_insolvent",
    "wealth_concentration"
  ]
}