{
  "scenario": "llm",
  "calibration_phase": "pre",
  "n_runs": 5,
  "n_rows": 58750,
  "tick_ms": 100,
  "crash_window_ticks": 10,
  "crash_threshold_pct": 1.93,
  "min_price_fraction": 0.6,
  "flash_crash_rate": 0.0,
  "run_max_drawdown_pct": {
    "mean": 0.5349536355471466,
    "p50": 0.37037973590632645,
    "p90": 0.8953078268136605,
    "p95": 0.9372655807020898,
    "p99": 0.9708317838128332,
    "max": 0.979223334590519
  },
  "mean_ofi_pre": 0.19781910678389342,
  "mean_ofi_drop": -5.411594927746141,
  "mean_wealth_by_phase": {
    "drop": 506835.70356133184,
    "post": 683755.0733315365,
    "pre": 175602.7920011282,
    "recovery": 912697.9107131773
  },
  "pct_insolvent_peak": 0.2,
  "wealth_concentration_drop": 0.9252673065667829,
  "columns": [
    "run_id",
    "event_id",
    "tick_ms",
    "phase",
    "close",
    "mid_price",
    "ofi",
    "spread_bps",
    "depth_imbalance",
    "trade_intensity",
    "realized_vol_50",
    "leverage_proxy",
    "kyle_lambda",
    "vpin",
    "flash_crash_flag",
    "mean_wealth_t",
    "pct_insolvent",
    "wealth_concentration"
  ]
}