{
  "scenario": "llm",
  "calibration_phase": "pre",
  "n_runs": 5,
  "n_rows": 58750,
  "tick_ms": 100,
  "crash_window_ticks": 10,
  "crash_threshold_pct": 1.93,
  "min_price_fraction": 0.6,
  "flash_crash_rate": 0.0,
  "run_max_drawdown_pct": {
    "mean": 0.4564605329208523,
    "p50": 0.3692395667286007,
    "p90": 0.8035148050776475,
    "p95": 0.9133774487631408,
    "p99": 1.0012675637115356,
    "max": 1.0232400924486342
  },
  "mean_ofi_pre": 0.13212532706776553,
  "mean_ofi_drop": -5.545210185180434,
  "mean_wealth_by_phase": {
    "drop": 591246.8894018303,
    "post": 713763.3275279474,
    "pre": 175319.6859728884,
    "recovery": 1069380.7386420914
  },
  "pct_insolvent_peak": 0.2,
  "wealth_concentration_drop": 0.9187348667444147,
  "columns": [
    "run_id",
    "event_id",
    "tick_ms",
    "phase",
    "close",
    "mid_price",
    "ofi",
    "spread_bps",
    "depth_imbalance",
    "trade_intensity",
    "realized_vol_50",
    "leverage_proxy",
    "kyle_lambda",
    "vpin",
    "flash_crash_flag",
    "mean_wealth_t",
    "pct_insolvent",
    "wealth_concentration"
  ]
}