{
  "scenario": "llm",
  "calibration_phase": "pre",
  "n_runs": 5,
  "n_rows": 56350,
  "tick_ms": 100,
  "crash_window_ticks": 10,
  "crash_threshold_pct": 1.93,
  "min_price_fraction": 0.6,
  "flash_crash_rate": 0.0,
  "run_max_drawdown_pct": {
    "mean": 0.25152700089907165,
    "p50": 0.26977963006021405,
    "p90": 0.32311980560294334,
    "p95": 0.3287458423607861,
    "p99": 0.33324667176706024,
    "max": 0.3343718791186288
  },
  "mean_ofi_pre": 0.04849621419046623,
  "mean_ofi_drop": -4.4461186897900244,
  "mean_wealth_by_phase": {
    "drop": 493467.16092010407,
    "post": 666571.1554498458,
    "pre": 175073.2346019799,
    "recovery": 936122.6422307472
  },
  "pct_insolvent_peak": 0.2,
  "wealth_concentration_drop": 0.9113188018153346,
  "columns": [
    "run_id",
    "event_id",
    "tick_ms",
    "phase",
    "close",
    "mid_price",
    "ofi",
    "spread_bps",
    "depth_imbalance",
    "trade_intensity",
    "realized_vol_50",
    "leverage_proxy",
    "kyle_lambda",
    "vpin",
    "flash_crash_flag",
    "mean_wealth_t",
    "pct_insolvent",
    "wealth_concentration"
  ]
}