{
  "scenario": "llm",
  "calibration_phase": "pre",
  "n_runs": 5,
  "n_rows": 58750,
  "tick_ms": 100,
  "crash_window_ticks": 10,
  "crash_threshold_pct": 1.93,
  "min_price_fraction": 0.6,
  "flash_crash_rate": 0.0,
  "run_max_drawdown_pct": {
    "mean": 0.6518962891807295,
    "p50": 0.3570758947136527,
    "p90": 1.2501433402928046,
    "p95": 1.4134638572932388,
    "p99": 1.5441202708935864,
    "max": 1.5767843742936734
  },
  "mean_ofi_pre": 0.22867633704597895,
  "mean_ofi_drop": -3.2501359115143535,
  "mean_wealth_by_phase": {
    "drop": 328932.0964604936,
    "post": 422889.31592084846,
    "pre": 175804.8757772265,
    "recovery": 536906.2358576095
  },
  "pct_insolvent_peak": 0.2,
  "wealth_concentration_drop": 0.9537349656559457,
  "columns": [
    "run_id",
    "event_id",
    "tick_ms",
    "phase",
    "close",
    "mid_price",
    "ofi",
    "spread_bps",
    "depth_imbalance",
    "trade_intensity",
    "realized_vol_50",
    "leverage_proxy",
    "kyle_lambda",
    "vpin",
    "flash_crash_flag",
    "mean_wealth_t",
    "pct_insolvent",
    "wealth_concentration"
  ]
}