{
  "scenario": "llm",
  "calibration_phase": "pre",
  "n_runs": 5,
  "n_rows": 58750,
  "tick_ms": 100,
  "crash_window_ticks": 10,
  "crash_threshold_pct": 1.93,
  "min_price_fraction": 0.6,
  "flash_crash_rate": 0.0,
  "run_max_drawdown_pct": {
    "mean": 0.7416073240286496,
    "p50": 0.3771260170954172,
    "p90": 1.4029762878517789,
    "p95": 1.568297452987217,
    "p99": 1.7005543850955678,
    "max": 1.7336186181226554
  },
  "mean_ofi_pre": 0.22979082435734746,
  "mean_ofi_drop": -4.388077226689363,
  "mean_wealth_by_phase": {
    "drop": 436853.7626622877,
    "post": 547271.8354740612,
    "pre": 175816.81133787156,
    "recovery": 777189.8053302681
  },
  "pct_insolvent_peak": 0.2,
  "wealth_concentration_drop": 0.954256881935201,
  "columns": [
    "run_id",
    "event_id",
    "tick_ms",
    "phase",
    "close",
    "mid_price",
    "ofi",
    "spread_bps",
    "depth_imbalance",
    "trade_intensity",
    "realized_vol_50",
    "leverage_proxy",
    "kyle_lambda",
    "vpin",
    "flash_crash_flag",
    "mean_wealth_t",
    "pct_insolvent",
    "wealth_concentration"
  ]
}