{
  "scenario": "llm",
  "calibration_phase": "pre",
  "n_runs": 5,
  "n_rows": 58750,
  "tick_ms": 100,
  "crash_window_ticks": 10,
  "crash_threshold_pct": 1.93,
  "min_price_fraction": 0.6,
  "flash_crash_rate": 0.0,
  "run_max_drawdown_pct": {
    "mean": 0.26895622884547177,
    "p50": 0.26609164995724727,
    "p90": 0.364375216306086,
    "p95": 0.38948737845243786,
    "p99": 0.40957710816951937,
    "max": 0.41459954059878973
  },
  "mean_ofi_pre": 0.08964123151225274,
  "mean_ofi_drop": -3.36148077439618,
  "mean_wealth_by_phase": {
    "drop": 382544.4791641041,
    "post": 429182.07624324266,
    "pre": 175189.25418134662,
    "recovery": 655444.1800122664
  },
  "pct_insolvent_peak": 0.2,
  "wealth_concentration_drop": 0.8960693456235513,
  "columns": [
    "run_id",
    "event_id",
    "tick_ms",
    "phase",
    "close",
    "mid_price",
    "ofi",
    "spread_bps",
    "depth_imbalance",
    "trade_intensity",
    "realized_vol_50",
    "leverage_proxy",
    "kyle_lambda",
    "vpin",
    "flash_crash_flag",
    "mean_wealth_t",
    "pct_insolvent",
    "wealth_concentration"
  ]
}