{
  "scenario": "llm",
  "calibration_phase": "pre",
  "n_runs": 5,
  "n_rows": 56150,
  "tick_ms": 100,
  "crash_window_ticks": 10,
  "crash_threshold_pct": 1.93,
  "min_price_fraction": 0.6,
  "flash_crash_rate": 0.0,
  "run_max_drawdown_pct": {
    "mean": 0.5849456731950393,
    "p50": 0.645918628105378,
    "p90": 0.8404520321741072,
    "p95": 0.8805524944647798,
    "p99": 0.9126328642973179,
    "max": 0.9206529567554524
  },
  "mean_ofi_pre": 0.21298831180938146,
  "mean_ofi_drop": -4.48584991573187,
  "mean_wealth_by_phase": {
    "drop": 430789.88435257896,
    "post": 585008.313571762,
    "pre": 175606.3157622083,
    "recovery": 684061.3491341741
  },
  "pct_insolvent_peak": 0.2,
  "wealth_concentration_drop": 0.9187253926206108,
  "columns": [
    "run_id",
    "event_id",
    "tick_ms",
    "phase",
    "close",
    "mid_price",
    "ofi",
    "spread_bps",
    "depth_imbalance",
    "trade_intensity",
    "realized_vol_50",
    "leverage_proxy",
    "kyle_lambda",
    "vpin",
    "flash_crash_flag",
    "mean_wealth_t",
    "pct_insolvent",
    "wealth_concentration"
  ]
}