{
  "scenario": "llm",
  "calibration_phase": "pre",
  "n_runs": 5,
  "n_rows": 58750,
  "tick_ms": 100,
  "crash_window_ticks": 10,
  "crash_threshold_pct": 1.93,
  "min_price_fraction": 0.6,
  "flash_crash_rate": 0.0,
  "run_max_drawdown_pct": {
    "mean": 0.35613088199473936,
    "p50": 0.36521273478944144,
    "p90": 0.4023348169610473,
    "p95": 0.41428757680055106,
    "p99": 0.42384978467215406,
    "max": 0.42624033664005484
  },
  "mean_ofi_pre": 0.07825303190427992,
  "mean_ofi_drop": -5.599329518295941,
  "mean_wealth_by_phase": {
    "drop": 646201.4442678872,
    "post": 865492.0278610945,
    "pre": 175110.41945330764,
    "recovery": 1304675.4933670838
  },
  "pct_insolvent_peak": 0.2,
  "wealth_concentration_drop": 0.9125040797418408,
  "columns": [
    "run_id",
    "event_id",
    "tick_ms",
    "phase",
    "close",
    "mid_price",
    "ofi",
    "spread_bps",
    "depth_imbalance",
    "trade_intensity",
    "realized_vol_50",
    "leverage_proxy",
    "kyle_lambda",
    "vpin",
    "flash_crash_flag",
    "mean_wealth_t",
    "pct_insolvent",
    "wealth_concentration"
  ]
}