{
  "scenario": "llm",
  "calibration_phase": "pre",
  "n_runs": 5,
  "n_rows": 58750,
  "tick_ms": 100,
  "crash_window_ticks": 10,
  "crash_threshold_pct": 1.93,
  "min_price_fraction": 0.6,
  "flash_crash_rate": 0.0,
  "run_max_drawdown_pct": {
    "mean": 0.2883275460389617,
    "p50": 0.3243278665311493,
    "p90": 0.36128700957572696,
    "p95": 0.37328815814468547,
    "p99": 0.38288907699985225,
    "max": 0.385289306713644
  },
  "mean_ofi_pre": 0.09705651978369767,
  "mean_ofi_drop": -3.4037665602703635,
  "mean_wealth_by_phase": {
    "drop": 379956.9655052973,
    "post": 433610.0145018661,
    "pre": 175167.37663728118,
    "recovery": 654325.3773939126
  },
  "pct_insolvent_peak": 0.2,
  "wealth_concentration_drop": 0.908237269829476,
  "columns": [
    "run_id",
    "event_id",
    "tick_ms",
    "phase",
    "close",
    "mid_price",
    "ofi",
    "spread_bps",
    "depth_imbalance",
    "trade_intensity",
    "realized_vol_50",
    "leverage_proxy",
    "kyle_lambda",
    "vpin",
    "flash_crash_flag",
    "mean_wealth_t",
    "pct_insolvent",
    "wealth_concentration"
  ]
}