{
  "scenario": "llm",
  "calibration_phase": "pre",
  "n_runs": 5,
  "n_rows": 58750,
  "tick_ms": 100,
  "crash_window_ticks": 10,
  "crash_threshold_pct": 1.93,
  "min_price_fraction": 0.6,
  "flash_crash_rate": 0.0,
  "run_max_drawdown_pct": {
    "mean": 0.6789469400649336,
    "p50": 0.4132587088033086,
    "p90": 1.2423803482709599,
    "p95": 1.3719737764249276,
    "p99": 1.4756485189481017,
    "max": 1.5015672045788953
  },
  "mean_ofi_pre": 0.2064931646283358,
  "mean_ofi_drop": -4.3339121589479355,
  "mean_wealth_by_phase": {
    "drop": 442784.27674008394,
    "post": 581694.6324806004,
    "pre": 175716.09171756118,
    "recovery": 798776.9359464709
  },
  "pct_insolvent_peak": 0.2,
  "wealth_concentration_drop": 0.9542503256493294,
  "columns": [
    "run_id",
    "event_id",
    "tick_ms",
    "phase",
    "close",
    "mid_price",
    "ofi",
    "spread_bps",
    "depth_imbalance",
    "trade_intensity",
    "realized_vol_50",
    "leverage_proxy",
    "kyle_lambda",
    "vpin",
    "flash_crash_flag",
    "mean_wealth_t",
    "pct_insolvent",
    "wealth_concentration"
  ]
}