{
  "scenario": "llm",
  "calibration_phase": "pre",
  "n_runs": 5,
  "n_rows": 58750,
  "tick_ms": 100,
  "crash_window_ticks": 10,
  "crash_threshold_pct": 1.93,
  "min_price_fraction": 0.6,
  "flash_crash_rate": 0.0,
  "run_max_drawdown_pct": {
    "mean": 0.4484132103006969,
    "p50": 0.2541193310542671,
    "p90": 0.8212734716655041,
    "p95": 0.8838631217388266,
    "p99": 0.9339348417974849,
    "max": 0.9464527718121494
  },
  "mean_ofi_pre": 0.11301719127072593,
  "mean_ofi_drop": -5.435606507076034,
  "mean_wealth_by_phase": {
    "drop": 620351.3521325685,
    "post": 848590.3192370243,
    "pre": 175311.4765267391,
    "recovery": 1195318.8404071887
  },
  "pct_insolvent_peak": 0.2,
  "wealth_concentration_drop": 0.9237232790384092,
  "columns": [
    "run_id",
    "event_id",
    "tick_ms",
    "phase",
    "close",
    "mid_price",
    "ofi",
    "spread_bps",
    "depth_imbalance",
    "trade_intensity",
    "realized_vol_50",
    "leverage_proxy",
    "kyle_lambda",
    "vpin",
    "flash_crash_flag",
    "mean_wealth_t",
    "pct_insolvent",
    "wealth_concentration"
  ]
}