{
  "scenario": "llm",
  "calibration_phase": "pre",
  "n_runs": 5,
  "n_rows": 56150,
  "tick_ms": 100,
  "crash_window_ticks": 10,
  "crash_threshold_pct": 1.93,
  "min_price_fraction": 0.6,
  "flash_crash_rate": 0.0,
  "run_max_drawdown_pct": {
    "mean": 0.2541547934229526,
    "p50": 0.23264639815732657,
    "p90": 0.44165565376862614,
    "p95": 0.4726663965997725,
    "p99": 0.4974749908646896,
    "max": 0.5036771394309189
  },
  "mean_ofi_pre": 0.11654070815998868,
  "mean_ofi_drop": -3.3015811032319804,
  "mean_wealth_by_phase": {
    "drop": 352223.69444013323,
    "post": 455435.6601597744,
    "pre": 175287.32620898646,
    "recovery": 581700.7612652818
  },
  "pct_insolvent_peak": 0.2,
  "wealth_concentration_drop": 0.908662578747828,
  "columns": [
    "run_id",
    "event_id",
    "tick_ms",
    "phase",
    "close",
    "mid_price",
    "ofi",
    "spread_bps",
    "depth_imbalance",
    "trade_intensity",
    "realized_vol_50",
    "leverage_proxy",
    "kyle_lambda",
    "vpin",
    "flash_crash_flag",
    "mean_wealth_t",
    "pct_insolvent",
    "wealth_concentration"
  ]
}