{
  "scenario": "llm",
  "calibration_phase": "pre",
  "n_runs": 5,
  "n_rows": 58750,
  "tick_ms": 100,
  "crash_window_ticks": 10,
  "crash_threshold_pct": 1.93,
  "min_price_fraction": 0.6,
  "flash_crash_rate": 0.0,
  "run_max_drawdown_pct": {
    "mean": 0.25909324216034557,
    "p50": 0.26216075052690324,
    "p90": 0.34433435435719606,
    "p95": 0.35519612766812547,
    "p99": 0.363885546316869,
    "max": 0.3660579009790549
  },
  "mean_ofi_pre": 0.07219735176585894,
  "mean_ofi_drop": -3.3762676685681985,
  "mean_wealth_by_phase": {
    "drop": 382367.5930301909,
    "post": 442479.2987794455,
    "pre": 175140.51740586897,
    "recovery": 667212.0440195897
  },
  "pct_insolvent_peak": 0.2,
  "wealth_concentration_drop": 0.908766700277208,
  "columns": [
    "run_id",
    "event_id",
    "tick_ms",
    "phase",
    "close",
    "mid_price",
    "ofi",
    "spread_bps",
    "depth_imbalance",
    "trade_intensity",
    "realized_vol_50",
    "leverage_proxy",
    "kyle_lambda",
    "vpin",
    "flash_crash_flag",
    "mean_wealth_t",
    "pct_insolvent",
    "wealth_concentration"
  ]
}