{
  "scenario": "llm",
  "calibration_phase": "pre",
  "n_runs": 5,
  "n_rows": 58750,
  "tick_ms": 100,
  "crash_window_ticks": 10,
  "crash_threshold_pct": 1.93,
  "min_price_fraction": 0.6,
  "flash_crash_rate": 0.0,
  "run_max_drawdown_pct": {
    "mean": 0.4253505921647419,
    "p50": 0.2981256705353632,
    "p90": 0.7188524161287447,
    "p95": 0.7348401711008168,
    "p99": 0.7476303750784745,
    "max": 0.750827926072889
  },
  "mean_ofi_pre": 0.17196607237203912,
  "mean_ofi_drop": -3.450007977771281,
  "mean_wealth_by_phase": {
    "drop": 351239.1218574013,
    "post": 419366.2024566403,
    "pre": 175455.72963939238,
    "recovery": 568844.9235401839
  },
  "pct_insolvent_peak": 0.19,
  "wealth_concentration_drop": 0.9129465094396533,
  "columns": [
    "run_id",
    "event_id",
    "tick_ms",
    "phase",
    "close",
    "mid_price",
    "ofi",
    "spread_bps",
    "depth_imbalance",
    "trade_intensity",
    "realized_vol_50",
    "leverage_proxy",
    "kyle_lambda",
    "vpin",
    "flash_crash_flag",
    "mean_wealth_t",
    "pct_insolvent",
    "wealth_concentration"
  ]
}