{
  "scenario": "llm",
  "calibration_phase": "pre",
  "n_runs": 5,
  "n_rows": 58750,
  "tick_ms": 100,
  "crash_window_ticks": 10,
  "crash_threshold_pct": 1.93,
  "min_price_fraction": 0.6,
  "flash_crash_rate": 0.0,
  "run_max_drawdown_pct": {
    "mean": 0.19955287130550253,
    "p50": 0.17520809497377957,
    "p90": 0.287256074746045,
    "p95": 0.30377301433567494,
    "p99": 0.3169865660073789,
    "max": 0.3202899539253049
  },
  "mean_ofi_pre": 0.05804101144125819,
  "mean_ofi_drop": -4.369000442285535,
  "mean_wealth_by_phase": {
    "drop": 458561.6779193176,
    "post": 509886.91583013936,
    "pre": 175105.93899951287,
    "recovery": 802522.4762817278
  },
  "pct_insolvent_peak": 0.19,
  "wealth_concentration_drop": 0.890029007273365,
  "columns": [
    "run_id",
    "event_id",
    "tick_ms",
    "phase",
    "close",
    "mid_price",
    "ofi",
    "spread_bps",
    "depth_imbalance",
    "trade_intensity",
    "realized_vol_50",
    "leverage_proxy",
    "kyle_lambda",
    "vpin",
    "flash_crash_flag",
    "mean_wealth_t",
    "pct_insolvent",
    "wealth_concentration"
  ]
}