{
  "scenario": "llm",
  "calibration_phase": "pre",
  "n_runs": 5,
  "n_rows": 58750,
  "tick_ms": 100,
  "crash_window_ticks": 10,
  "crash_threshold_pct": 1.93,
  "min_price_fraction": 0.6,
  "flash_crash_rate": 0.2,
  "run_max_drawdown_pct": {
    "mean": 0.9039866996250445,
    "p50": 0.5956927516082318,
    "p90": 1.739015998595359,
    "p95": 1.9404303022307579,
    "p99": 2.1015617451390773,
    "max": 2.141844605866157
  },
  "mean_ofi_pre": 0.22304936081200863,
  "mean_ofi_drop": -5.34660126471879,
  "mean_wealth_by_phase": {
    "drop": 530501.120377732,
    "post": 666166.9162597598,
    "pre": 175816.27627045926,
    "recovery": 936936.8098401027
  },
  "pct_insolvent_peak": 0.2,
  "wealth_concentration_drop": 0.9663731427389501,
  "columns": [
    "run_id",
    "event_id",
    "tick_ms",
    "phase",
    "close",
    "mid_price",
    "ofi",
    "spread_bps",
    "depth_imbalance",
    "trade_intensity",
    "realized_vol_50",
    "leverage_proxy",
    "kyle_lambda",
    "vpin",
    "flash_crash_flag",
    "mean_wealth_t",
    "pct_insolvent",
    "wealth_concentration"
  ]
}