{
  "scenario": "llm",
  "calibration_phase": "pre",
  "n_runs": 5,
  "n_rows": 58750,
  "tick_ms": 100,
  "crash_window_ticks": 10,
  "crash_threshold_pct": 1.93,
  "min_price_fraction": 0.6,
  "flash_crash_rate": 0.0,
  "run_max_drawdown_pct": {
    "mean": 0.562684422675284,
    "p50": 0.4073164015904134,
    "p90": 0.9015878224174279,
    "p95": 0.9035036764783444,
    "p99": 0.9050363597270775,
    "max": 0.9054195305392608
  },
  "mean_ofi_pre": 0.19309053487946196,
  "mean_ofi_drop": -4.355293287728888,
  "mean_wealth_by_phase": {
    "drop": 425376.5114342093,
    "post": 578617.9641113372,
    "pre": 175573.98250301272,
    "recovery": 753557.850265555
  },
  "pct_insolvent_peak": 0.2,
  "wealth_concentration_drop": 0.9380136804863276,
  "columns": [
    "run_id",
    "event_id",
    "tick_ms",
    "phase",
    "close",
    "mid_price",
    "ofi",
    "spread_bps",
    "depth_imbalance",
    "trade_intensity",
    "realized_vol_50",
    "leverage_proxy",
    "kyle_lambda",
    "vpin",
    "flash_crash_flag",
    "mean_wealth_t",
    "pct_insolvent",
    "wealth_concentration"
  ]
}