{
  "scenario": "llm",
  "calibration_phase": "pre",
  "n_runs": 5,
  "n_rows": 58750,
  "tick_ms": 100,
  "crash_window_ticks": 10,
  "crash_threshold_pct": 1.93,
  "min_price_fraction": 0.6,
  "flash_crash_rate": 0.0,
  "run_max_drawdown_pct": {
    "mean": 0.5227902525630641,
    "p50": 0.6306602147797686,
    "p90": 0.799295441322896,
    "p95": 0.8361202102976006,
    "p99": 0.8655800254773645,
    "max": 0.8729449792723054
  },
  "mean_ofi_pre": 0.22019531326049405,
  "mean_ofi_drop": -5.476300141523768,
  "mean_wealth_by_phase": {
    "drop": 503021.4015888146,
    "post": 694441.1549415818,
    "pre": 175741.7421956438,
    "recovery": 867689.4549373193
  },
  "pct_insolvent_peak": 0.19,
  "wealth_concentration_drop": 0.9169833412720142,
  "columns": [
    "run_id",
    "event_id",
    "tick_ms",
    "phase",
    "close",
    "mid_price",
    "ofi",
    "spread_bps",
    "depth_imbalance",
    "trade_intensity",
    "realized_vol_50",
    "leverage_proxy",
    "kyle_lambda",
    "vpin",
    "flash_crash_flag",
    "mean_wealth_t",
    "pct_insolvent",
    "wealth_concentration"
  ]
}