{
  "scenario": "llm",
  "calibration_phase": "pre",
  "n_runs": 5,
  "n_rows": 58750,
  "tick_ms": 100,
  "crash_window_ticks": 10,
  "crash_threshold_pct": 1.93,
  "min_price_fraction": 0.6,
  "flash_crash_rate": 0.0,
  "run_max_drawdown_pct": {
    "mean": 0.7181539931987813,
    "p50": 0.4338038237497054,
    "p90": 1.3461786059691847,
    "p95": 1.4805517027339772,
    "p99": 1.5880501801458113,
    "max": 1.6149247994987699
  },
  "mean_ofi_pre": 0.2552373294279833,
  "mean_ofi_drop": -5.529695379513433,
  "mean_wealth_by_phase": {
    "drop": 481854.9299949603,
    "post": 587109.0481235652,
    "pre": 176020.47846945192,
    "recovery": 831025.4879776163
  },
  "pct_insolvent_peak": 0.19,
  "wealth_concentration_drop": 0.9192718842866269,
  "columns": [
    "run_id",
    "event_id",
    "tick_ms",
    "phase",
    "close",
    "mid_price",
    "ofi",
    "spread_bps",
    "depth_imbalance",
    "trade_intensity",
    "realized_vol_50",
    "leverage_proxy",
    "kyle_lambda",
    "vpin",
    "flash_crash_flag",
    "mean_wealth_t",
    "pct_insolvent",
    "wealth_concentration"
  ]
}