{
  "scenario": "llm",
  "calibration_phase": "pre",
  "n_runs": 5,
  "n_rows": 58750,
  "tick_ms": 100,
  "crash_window_ticks": 10,
  "crash_threshold_pct": 1.93,
  "min_price_fraction": 0.6,
  "flash_crash_rate": 0.2,
  "run_max_drawdown_pct": {
    "mean": 1.0136042763630992,
    "p50": 0.5627314760643027,
    "p90": 1.9771177450384072,
    "p95": 2.021965023567955,
    "p99": 2.0578428463915928,
    "max": 2.066812302097502
  },
  "mean_ofi_pre": 0.30658241382456797,
  "mean_ofi_drop": -4.1042425210769995,
  "mean_wealth_by_phase": {
    "drop": 395268.8783430014,
    "post": 455134.26198147656,
    "pre": 176337.31132682026,
    "recovery": 654683.8435503189
  },
  "pct_insolvent_peak": 0.2,
  "wealth_concentration_drop": 1.005322573025733,
  "columns": [
    "run_id",
    "event_id",
    "tick_ms",
    "phase",
    "close",
    "mid_price",
    "ofi",
    "spread_bps",
    "depth_imbalance",
    "trade_intensity",
    "realized_vol_50",
    "leverage_proxy",
    "kyle_lambda",
    "vpin",
    "flash_crash_flag",
    "mean_wealth_t",
    "pct_insolvent",
    "wealth_concentration"
  ]
}