{
  "scenario": "llm",
  "calibration_phase": "pre",
  "n_runs": 5,
  "n_rows": 58750,
  "tick_ms": 100,
  "crash_window_ticks": 10,
  "crash_threshold_pct": 1.93,
  "min_price_fraction": 0.6,
  "flash_crash_rate": 0.0,
  "run_max_drawdown_pct": {
    "mean": 0.4944135221868401,
    "p50": 0.3463243228630368,
    "p90": 0.790911476440718,
    "p95": 0.7954481485425762,
    "p99": 0.7990774862240628,
    "max": 0.7999848206444344
  },
  "mean_ofi_pre": 0.2039131342125758,
  "mean_ofi_drop": -4.438942762361911,
  "mean_wealth_by_phase": {
    "drop": 408877.5704690681,
    "post": 539360.022884306,
    "pre": 175600.0737306916,
    "recovery": 693630.3882109582
  },
  "pct_insolvent_peak": 0.19,
  "wealth_concentration_drop": 0.8960854777735134,
  "columns": [
    "run_id",
    "event_id",
    "tick_ms",
    "phase",
    "close",
    "mid_price",
    "ofi",
    "spread_bps",
    "depth_imbalance",
    "trade_intensity",
    "realized_vol_50",
    "leverage_proxy",
    "kyle_lambda",
    "vpin",
    "flash_crash_flag",
    "mean_wealth_t",
    "pct_insolvent",
    "wealth_concentration"
  ]
}