{
  "scenario": "llm",
  "calibration_phase": "pre",
  "n_runs": 5,
  "n_rows": 58750,
  "tick_ms": 100,
  "crash_window_ticks": 10,
  "crash_threshold_pct": 1.93,
  "min_price_fraction": 0.6,
  "flash_crash_rate": 0.2,
  "run_max_drawdown_pct": {
    "mean": 0.8158109012247138,
    "p50": 0.5956749765249714,
    "p90": 1.5088406984519254,
    "p95": 1.7250000209898333,
    "p99": 1.8979274790201601,
    "max": 1.9411593435277419
  },
  "mean_ofi_pre": 0.2705184428220403,
  "mean_ofi_drop": -5.2653731990844665,
  "mean_wealth_by_phase": {
    "drop": 491408.6512072656,
    "post": 600960.6376564711,
    "pre": 176033.31339318104,
    "recovery": 833409.113424706
  },
  "pct_insolvent_peak": 0.2,
  "wealth_concentration_drop": 0.9631818806102335,
  "columns": [
    "run_id",
    "event_id",
    "tick_ms",
    "phase",
    "close",
    "mid_price",
    "ofi",
    "spread_bps",
    "depth_imbalance",
    "trade_intensity",
    "realized_vol_50",
    "leverage_proxy",
    "kyle_lambda",
    "vpin",
    "flash_crash_flag",
    "mean_wealth_t",
    "pct_insolvent",
    "wealth_concentration"
  ]
}