{
  "scenario": "llm",
  "calibration_phase": "pre",
  "n_runs": 5,
  "n_rows": 58750,
  "tick_ms": 100,
  "crash_window_ticks": 10,
  "crash_threshold_pct": 1.93,
  "min_price_fraction": 0.6,
  "flash_crash_rate": 0.0,
  "run_max_drawdown_pct": {
    "mean": 0.4308197972429412,
    "p50": 0.33797911628655314,
    "p90": 0.6648530936456762,
    "p95": 0.7022618947537682,
    "p99": 0.7321889356402418,
    "max": 0.7396706958618602
  },
  "mean_ofi_pre": 0.204695794700199,
  "mean_ofi_drop": -3.4854638488485974,
  "mean_wealth_by_phase": {
    "drop": 328573.5842196458,
    "post": 409948.13632071874,
    "pre": 175596.32571087472,
    "recovery": 537573.109499262
  },
  "pct_insolvent_peak": 0.18,
  "wealth_concentration_drop": 0.883650957064681,
  "columns": [
    "run_id",
    "event_id",
    "tick_ms",
    "phase",
    "close",
    "mid_price",
    "ofi",
    "spread_bps",
    "depth_imbalance",
    "trade_intensity",
    "realized_vol_50",
    "leverage_proxy",
    "kyle_lambda",
    "vpin",
    "flash_crash_flag",
    "mean_wealth_t",
    "pct_insolvent",
    "wealth_concentration"
  ]
}