{
  "scenario": "llm",
  "calibration_phase": "pre",
  "n_runs": 5,
  "n_rows": 56150,
  "tick_ms": 100,
  "crash_window_ticks": 10,
  "crash_threshold_pct": 1.93,
  "min_price_fraction": 0.6,
  "flash_crash_rate": 0.2,
  "run_max_drawdown_pct": {
    "mean": 0.7121711830798538,
    "p50": 0.3024710777354945,
    "p90": 1.5221484559834404,
    "p95": 1.7425667823970645,
    "p99": 1.918901443527964,
    "max": 1.962985108810689
  },
  "mean_ofi_pre": 0.21634788314728595,
  "mean_ofi_drop": -4.295221203492482,
  "mean_wealth_by_phase": {
    "drop": 410052.746704757,
    "post": 565120.4451941501,
    "pre": 175880.68980070224,
    "recovery": 663448.964511285
  },
  "pct_insolvent_peak": 0.2,
  "wealth_concentration_drop": 0.9452959564269348,
  "columns": [
    "run_id",
    "event_id",
    "tick_ms",
    "phase",
    "close",
    "mid_price",
    "ofi",
    "spread_bps",
    "depth_imbalance",
    "trade_intensity",
    "realized_vol_50",
    "leverage_proxy",
    "kyle_lambda",
    "vpin",
    "flash_crash_flag",
    "mean_wealth_t",
    "pct_insolvent",
    "wealth_concentration"
  ]
}