{
  "scenario": "llm",
  "calibration_phase": "pre",
  "n_runs": 5,
  "n_rows": 56350,
  "tick_ms": 100,
  "crash_window_ticks": 10,
  "crash_threshold_pct": 1.93,
  "min_price_fraction": 0.6,
  "flash_crash_rate": 0.0,
  "run_max_drawdown_pct": {
    "mean": 0.4170030536902095,
    "p50": 0.4236415648741481,
    "p90": 0.6473236279924626,
    "p95": 0.7057414475530843,
    "p99": 0.7524757032015819,
    "max": 0.7641592671137062
  },
  "mean_ofi_pre": 0.15241266138253717,
  "mean_ofi_drop": -3.3834880502883395,
  "mean_wealth_by_phase": {
    "drop": 363934.68505532044,
    "post": 483965.28288766585,
    "pre": 175359.5855833094,
    "recovery": 608947.7678062716
  },
  "pct_insolvent_peak": 0.2,
  "wealth_concentration_drop": 0.9240114615561257,
  "columns": [
    "run_id",
    "event_id",
    "tick_ms",
    "phase",
    "close",
    "mid_price",
    "ofi",
    "spread_bps",
    "depth_imbalance",
    "trade_intensity",
    "realized_vol_50",
    "leverage_proxy",
    "kyle_lambda",
    "vpin",
    "flash_crash_flag",
    "mean_wealth_t",
    "pct_insolvent",
    "wealth_concentration"
  ]
}