{
  "scenario": "llm",
  "calibration_phase": "pre",
  "n_runs": 5,
  "n_rows": 58750,
  "tick_ms": 100,
  "crash_window_ticks": 10,
  "crash_threshold_pct": 1.93,
  "min_price_fraction": 0.6,
  "flash_crash_rate": 0.0,
  "run_max_drawdown_pct": {
    "mean": 0.6650260663023582,
    "p50": 0.8189666065254252,
    "p90": 0.9313103257392825,
    "p95": 0.9634175207637288,
    "p99": 0.9891032767832859,
    "max": 0.9955247157881751
  },
  "mean_ofi_pre": 0.24018142355135383,
  "mean_ofi_drop": -4.33323751304134,
  "mean_wealth_by_phase": {
    "drop": 416835.98044722434,
    "post": 535356.2170941798,
    "pre": 175763.78128820943,
    "recovery": 665918.7142431176
  },
  "pct_insolvent_peak": 0.21,
  "wealth_concentration_drop": 0.9621835468363565,
  "columns": [
    "run_id",
    "event_id",
    "tick_ms",
    "phase",
    "close",
    "mid_price",
    "ofi",
    "spread_bps",
    "depth_imbalance",
    "trade_intensity",
    "realized_vol_50",
    "leverage_proxy",
    "kyle_lambda",
    "vpin",
    "flash_crash_flag",
    "mean_wealth_t",
    "pct_insolvent",
    "wealth_concentration"
  ]
}