{
  "scenario": "llm",
  "calibration_phase": "pre",
  "n_runs": 5,
  "n_rows": 58750,
  "tick_ms": 100,
  "crash_window_ticks": 10,
  "crash_threshold_pct": 1.93,
  "min_price_fraction": 0.6,
  "flash_crash_rate": 0.0,
  "run_max_drawdown_pct": {
    "mean": 0.4749568534508374,
    "p50": 0.4870583291093915,
    "p90": 0.6944367797037098,
    "p95": 0.7200775000435582,
    "p99": 0.7405900763154369,
    "max": 0.7457182203834066
  },
  "mean_ofi_pre": 0.18681855638429798,
  "mean_ofi_drop": -5.5582095388248565,
  "mean_wealth_by_phase": {
    "drop": 529494.825112464,
    "post": 675833.3320878905,
    "pre": 175452.89358486992,
    "recovery": 939911.2265318475
  },
  "pct_insolvent_peak": 0.2,
  "wealth_concentration_drop": 0.9064407111045343,
  "columns": [
    "run_id",
    "event_id",
    "tick_ms",
    "phase",
    "close",
    "mid_price",
    "ofi",
    "spread_bps",
    "depth_imbalance",
    "trade_intensity",
    "realized_vol_50",
    "leverage_proxy",
    "kyle_lambda",
    "vpin",
    "flash_crash_flag",
    "mean_wealth_t",
    "pct_insolvent",
    "wealth_concentration"
  ]
}