{
  "scenario": "llm",
  "calibration_phase": "pre",
  "n_runs": 5,
  "n_rows": 58750,
  "tick_ms": 100,
  "crash_window_ticks": 10,
  "crash_threshold_pct": 1.93,
  "min_price_fraction": 0.6,
  "flash_crash_rate": 0.0,
  "run_max_drawdown_pct": {
    "mean": 0.2021703898906165,
    "p50": 0.21990645135195006,
    "p90": 0.274866120771844,
    "p95": 0.2763005447943163,
    "p99": 0.2774480840122942,
    "max": 0.27773496881678866
  },
  "mean_ofi_pre": 0.06648887970086909,
  "mean_ofi_drop": -3.318721092069155,
  "mean_wealth_by_phase": {
    "drop": 351813.2461889137,
    "post": 366049.16637857846,
    "pre": 175108.2153427113,
    "recovery": 538459.0945311846
  },
  "pct_insolvent_peak": 0.2,
  "wealth_concentration_drop": 0.8810374419470985,
  "columns": [
    "run_id",
    "event_id",
    "tick_ms",
    "phase",
    "close",
    "mid_price",
    "ofi",
    "spread_bps",
    "depth_imbalance",
    "trade_intensity",
    "realized_vol_50",
    "leverage_proxy",
    "kyle_lambda",
    "vpin",
    "flash_crash_flag",
    "mean_wealth_t",
    "pct_insolvent",
    "wealth_concentration"
  ]
}