{
  "scenario": "llm",
  "calibration_phase": "pre",
  "n_runs": 5,
  "n_rows": 58750,
  "tick_ms": 100,
  "crash_window_ticks": 10,
  "crash_threshold_pct": 1.93,
  "min_price_fraction": 0.6,
  "flash_crash_rate": 0.0,
  "run_max_drawdown_pct": {
    "mean": 0.22100960445341192,
    "p50": 0.185335755825245,
    "p90": 0.30375688579669524,
    "p95": 0.3215555196043677,
    "p99": 0.33579442665050563,
    "max": 0.3393541534120401
  },
  "mean_ofi_pre": 0.06119171762778737,
  "mean_ofi_drop": -3.3481782013089996,
  "mean_wealth_by_phase": {
    "drop": 368456.95185393584,
    "post": 395091.9762988069,
    "pre": 175100.33483523288,
    "recovery": 598910.2263080827
  },
  "pct_insolvent_peak": 0.19,
  "wealth_concentration_drop": 0.8984703842460448,
  "columns": [
    "run_id",
    "event_id",
    "tick_ms",
    "phase",
    "close",
    "mid_price",
    "ofi",
    "spread_bps",
    "depth_imbalance",
    "trade_intensity",
    "realized_vol_50",
    "leverage_proxy",
    "kyle_lambda",
    "vpin",
    "flash_crash_flag",
    "mean_wealth_t",
    "pct_insolvent",
    "wealth_concentration"
  ]
}