{
  "scenario": "llm",
  "calibration_phase": "pre",
  "n_runs": 5,
  "n_rows": 51350,
  "tick_ms": 100,
  "crash_window_ticks": 10,
  "crash_threshold_pct": 1.93,
  "min_price_fraction": 0.6,
  "flash_crash_rate": 0.0,
  "run_max_drawdown_pct": {
    "mean": 0.26114367491681506,
    "p50": 0.28990958816178297,
    "p90": 0.33973072345054045,
    "p95": 0.34251768160778434,
    "p99": 0.34474724813357943,
    "max": 0.34530463976502823
  },
  "mean_ofi_pre": 0.07890521852188334,
  "mean_ofi_drop": -4.448415417402906,
  "mean_wealth_by_phase": {
    "drop": 452330.3208715945,
    "post": 650111.9906129919,
    "pre": 175133.37301388683,
    "recovery": 824537.64510073
  },
  "pct_insolvent_peak": 0.2,
  "wealth_concentration_drop": 0.8961506157248487,
  "columns": [
    "run_id",
    "event_id",
    "tick_ms",
    "phase",
    "close",
    "mid_price",
    "ofi",
    "spread_bps",
    "depth_imbalance",
    "trade_intensity",
    "realized_vol_50",
    "leverage_proxy",
    "kyle_lambda",
    "vpin",
    "flash_crash_flag",
    "mean_wealth_t",
    "pct_insolvent",
    "wealth_concentration"
  ]
}