{
  "scenario": "llm",
  "calibration_phase": "pre",
  "n_runs": 5,
  "n_rows": 58750,
  "tick_ms": 100,
  "crash_window_ticks": 10,
  "crash_threshold_pct": 1.93,
  "min_price_fraction": 0.6,
  "flash_crash_rate": 0.0,
  "run_max_drawdown_pct": {
    "mean": 0.5451181173058222,
    "p50": 0.2379151080113597,
    "p90": 1.1822922904715987,
    "p95": 1.334009871271261,
    "p99": 1.4553839359109908,
    "max": 1.4857274520709234
  },
  "mean_ofi_pre": 0.22453395002262105,
  "mean_ofi_drop": -3.3479722159402736,
  "mean_wealth_by_phase": {
    "drop": 324140.9090139233,
    "post": 385709.85051423404,
    "pre": 175923.00725914992,
    "recovery": 492521.71297755727
  },
  "pct_insolvent_peak": 0.18,
  "wealth_concentration_drop": 0.9197822258576125,
  "columns": [
    "run_id",
    "event_id",
    "tick_ms",
    "phase",
    "close",
    "mid_price",
    "ofi",
    "spread_bps",
    "depth_imbalance",
    "trade_intensity",
    "realized_vol_50",
    "leverage_proxy",
    "kyle_lambda",
    "vpin",
    "flash_crash_flag",
    "mean_wealth_t",
    "pct_insolvent",
    "wealth_concentration"
  ]
}