{
  "scenario": "llm",
  "calibration_phase": "pre",
  "n_runs": 5,
  "n_rows": 58750,
  "tick_ms": 100,
  "crash_window_ticks": 10,
  "crash_threshold_pct": 1.93,
  "min_price_fraction": 0.6,
  "flash_crash_rate": 0.0,
  "run_max_drawdown_pct": {
    "mean": 0.44301644352102176,
    "p50": 0.22187883013241308,
    "p90": 0.8035247305683368,
    "p95": 0.805780082577657,
    "p99": 0.8075843641851131,
    "max": 0.8080354345869771
  },
  "mean_ofi_pre": 0.16889332841662846,
  "mean_ofi_drop": -4.542720009334336,
  "mean_wealth_by_phase": {
    "drop": 424219.0179225492,
    "post": 539821.3386894661,
    "pre": 175538.58379249863,
    "recovery": 710020.2311309442
  },
  "pct_insolvent_peak": 0.19,
  "wealth_concentration_drop": 0.8915615641507003,
  "columns": [
    "run_id",
    "event_id",
    "tick_ms",
    "phase",
    "close",
    "mid_price",
    "ofi",
    "spread_bps",
    "depth_imbalance",
    "trade_intensity",
    "realized_vol_50",
    "leverage_proxy",
    "kyle_lambda",
    "vpin",
    "flash_crash_flag",
    "mean_wealth_t",
    "pct_insolvent",
    "wealth_concentration"
  ]
}