{
  "scenario": "llm",
  "calibration_phase": "pre",
  "n_runs": 5,
  "n_rows": 56550,
  "tick_ms": 100,
  "crash_window_ticks": 10,
  "crash_threshold_pct": 1.93,
  "min_price_fraction": 0.6,
  "flash_crash_rate": 0.0,
  "run_max_drawdown_pct": {
    "mean": 0.6105499513018051,
    "p50": 0.27494700407890554,
    "p90": 1.2889219868559845,
    "p95": 1.6050273599281544,
    "p99": 1.857911658385891,
    "max": 1.9211327330003252
  },
  "mean_ofi_pre": 0.15873668283769432,
  "mean_ofi_drop": -5.234785472653787,
  "mean_wealth_by_phase": {
    "drop": 567927.5928823196,
    "post": 821412.8525480345,
    "pre": 175706.11935096353,
    "recovery": 1094953.9261632864
  },
  "pct_insolvent_peak": 0.2,
  "wealth_concentration_drop": 0.9525860948463183,
  "columns": [
    "run_id",
    "event_id",
    "tick_ms",
    "phase",
    "close",
    "mid_price",
    "ofi",
    "spread_bps",
    "depth_imbalance",
    "trade_intensity",
    "realized_vol_50",
    "leverage_proxy",
    "kyle_lambda",
    "vpin",
    "flash_crash_flag",
    "mean_wealth_t",
    "pct_insolvent",
    "wealth_concentration"
  ]
}