{
  "scenario": "llm",
  "calibration_phase": "pre",
  "n_runs": 5,
  "n_rows": 56350,
  "tick_ms": 100,
  "crash_window_ticks": 10,
  "crash_threshold_pct": 1.93,
  "min_price_fraction": 0.6,
  "flash_crash_rate": 0.0,
  "run_max_drawdown_pct": {
    "mean": 0.5036447815625369,
    "p50": 0.4071731122475845,
    "p90": 0.760310065423968,
    "p95": 0.872574181184667,
    "p99": 0.9623854737932265,
    "max": 0.9848382969453664
  },
  "mean_ofi_pre": 0.15137409906584698,
  "mean_ofi_drop": -5.615390982459304,
  "mean_wealth_by_phase": {
    "drop": 584657.0691473084,
    "post": 835214.2122556617,
    "pre": 175324.7794851938,
    "recovery": 1047412.7130251409
  },
  "pct_insolvent_peak": 0.2,
  "wealth_concentration_drop": 0.9025166699174622,
  "columns": [
    "run_id",
    "event_id",
    "tick_ms",
    "phase",
    "close",
    "mid_price",
    "ofi",
    "spread_bps",
    "depth_imbalance",
    "trade_intensity",
    "realized_vol_50",
    "leverage_proxy",
    "kyle_lambda",
    "vpin",
    "flash_crash_flag",
    "mean_wealth_t",
    "pct_insolvent",
    "wealth_concentration"
  ]
}