{
  "scenario": "llm",
  "calibration_phase": "pre",
  "n_runs": 5,
  "n_rows": 57350,
  "tick_ms": 100,
  "crash_window_ticks": 10,
  "crash_threshold_pct": 1.93,
  "min_price_fraction": 0.6,
  "flash_crash_rate": 0.0,
  "run_max_drawdown_pct": {
    "mean": 0.6397423752648864,
    "p50": 0.28768391960063444,
    "p90": 1.3012729492848896,
    "p95": 1.4602909061535687,
    "p99": 1.5875052716485123,
    "max": 1.619308863022248
  },
  "mean_ofi_pre": 0.17664598773416418,
  "mean_ofi_drop": -4.3133560904823485,
  "mean_wealth_by_phase": {
    "drop": 443773.30460614944,
    "post": 611838.1964774121,
    "pre": 175712.7033456032,
    "recovery": 776781.609804329
  },
  "pct_insolvent_peak": 0.2,
  "wealth_concentration_drop": 0.9460693344916815,
  "columns": [
    "run_id",
    "event_id",
    "tick_ms",
    "phase",
    "close",
    "mid_price",
    "ofi",
    "spread_bps",
    "depth_imbalance",
    "trade_intensity",
    "realized_vol_50",
    "leverage_proxy",
    "kyle_lambda",
    "vpin",
    "flash_crash_flag",
    "mean_wealth_t",
    "pct_insolvent",
    "wealth_concentration"
  ]
}