{
  "scenario": "llm",
  "calibration_phase": "pre",
  "n_runs": 5,
  "n_rows": 58750,
  "tick_ms": 100,
  "crash_window_ticks": 10,
  "crash_threshold_pct": 1.93,
  "min_price_fraction": 0.6,
  "flash_crash_rate": 0.0,
  "run_max_drawdown_pct": {
    "mean": 0.5193826771645382,
    "p50": 0.15486973386370656,
    "p90": 1.2174253730678273,
    "p95": 1.4909728126131139,
    "p99": 1.7098107642493436,
    "max": 1.7645202521584011
  },
  "mean_ofi_pre": 0.1374995991912761,
  "mean_ofi_drop": -3.2538692513771523,
  "mean_wealth_by_phase": {
    "drop": 344614.1779424228,
    "post": 379077.2128644724,
    "pre": 175602.46542369356,
    "recovery": 539605.8705558592
  },
  "pct_insolvent_peak": 0.19,
  "wealth_concentration_drop": 0.9243921862405955,
  "columns": [
    "run_id",
    "event_id",
    "tick_ms",
    "phase",
    "close",
    "mid_price",
    "ofi",
    "spread_bps",
    "depth_imbalance",
    "trade_intensity",
    "realized_vol_50",
    "leverage_proxy",
    "kyle_lambda",
    "vpin",
    "flash_crash_flag",
    "mean_wealth_t",
    "pct_insolvent",
    "wealth_concentration"
  ]
}