{
  "scenario": "llm",
  "calibration_phase": "pre",
  "n_runs": 5,
  "n_rows": 58750,
  "tick_ms": 100,
  "crash_window_ticks": 10,
  "crash_threshold_pct": 1.93,
  "min_price_fraction": 0.6,
  "flash_crash_rate": 0.0,
  "run_max_drawdown_pct": {
    "mean": 0.39641433745143717,
    "p50": 0.19439349697269453,
    "p90": 0.7419100370171695,
    "p95": 0.7421787367529586,
    "p99": 0.7423936965415899,
    "max": 0.7424474364887478
  },
  "mean_ofi_pre": 0.15444238323388948,
  "mean_ofi_drop": -3.432891428163097,
  "mean_wealth_by_phase": {
    "drop": 340156.3151326047,
    "post": 393083.6391894148,
    "pre": 175448.3929619987,
    "recovery": 544336.0465545235
  },
  "pct_insolvent_peak": 0.17,
  "wealth_concentration_drop": 0.8871566212232657,
  "columns": [
    "run_id",
    "event_id",
    "tick_ms",
    "phase",
    "close",
    "mid_price",
    "ofi",
    "spread_bps",
    "depth_imbalance",
    "trade_intensity",
    "realized_vol_50",
    "leverage_proxy",
    "kyle_lambda",
    "vpin",
    "flash_crash_flag",
    "mean_wealth_t",
    "pct_insolvent",
    "wealth_concentration"
  ]
}