{
  "scenario": "llm",
  "calibration_phase": "pre",
  "n_runs": 5,
  "n_rows": 56150,
  "tick_ms": 100,
  "crash_window_ticks": 10,
  "crash_threshold_pct": 1.93,
  "min_price_fraction": 0.6,
  "flash_crash_rate": 0.0,
  "run_max_drawdown_pct": {
    "mean": 0.2613330955402999,
    "p50": 0.23024332056731403,
    "p90": 0.37345201451284166,
    "p95": 0.3800730443767919,
    "p99": 0.38536986826795205,
    "max": 0.3866940742407421
  },
  "mean_ofi_pre": 0.07868768105698028,
  "mean_ofi_drop": -3.3356593670020143,
  "mean_wealth_by_phase": {
    "drop": 382876.4584293181,
    "post": 487497.987575486,
    "pre": 175143.19263341583,
    "recovery": 655682.140457821
  },
  "pct_insolvent_peak": 0.2,
  "wealth_concentration_drop": 0.90737575991867,
  "columns": [
    "run_id",
    "event_id",
    "tick_ms",
    "phase",
    "close",
    "mid_price",
    "ofi",
    "spread_bps",
    "depth_imbalance",
    "trade_intensity",
    "realized_vol_50",
    "leverage_proxy",
    "kyle_lambda",
    "vpin",
    "flash_crash_flag",
    "mean_wealth_t",
    "pct_insolvent",
    "wealth_concentration"
  ]
}