{
  "scenario": "llm",
  "calibration_phase": "pre",
  "n_runs": 5,
  "n_rows": 58750,
  "tick_ms": 100,
  "crash_window_ticks": 10,
  "crash_threshold_pct": 1.93,
  "min_price_fraction": 0.6,
  "flash_crash_rate": 0.0,
  "run_max_drawdown_pct": {
    "mean": 0.37157962978151654,
    "p50": 0.3616410788181917,
    "p90": 0.5009649087809509,
    "p95": 0.5357821394312711,
    "p99": 0.5636359239515272,
    "max": 0.5705993700815912
  },
  "mean_ofi_pre": 0.08371924219624481,
  "mean_ofi_drop": -5.561771591377116,
  "mean_wealth_by_phase": {
    "drop": 674941.5954205825,
    "post": 884037.5691984375,
    "pre": 175132.25104813444,
    "recovery": 1323380.8139840744
  },
  "pct_insolvent_peak": 0.2,
  "wealth_concentration_drop": 0.9254556895007261,
  "columns": [
    "run_id",
    "event_id",
    "tick_ms",
    "phase",
    "close",
    "mid_price",
    "ofi",
    "spread_bps",
    "depth_imbalance",
    "trade_intensity",
    "realized_vol_50",
    "leverage_proxy",
    "kyle_lambda",
    "vpin",
    "flash_crash_flag",
    "mean_wealth_t",
    "pct_insolvent",
    "wealth_concentration"
  ]
}