{
  "scenario": "llm",
  "calibration_phase": "pre",
  "n_runs": 5,
  "n_rows": 53950,
  "tick_ms": 100,
  "crash_window_ticks": 10,
  "crash_threshold_pct": 1.93,
  "min_price_fraction": 0.6,
  "flash_crash_rate": 0.0,
  "run_max_drawdown_pct": {
    "mean": 0.37356523232733274,
    "p50": 0.2870938922420916,
    "p90": 0.6428982453376146,
    "p95": 0.7222293603810992,
    "p99": 0.785694252415887,
    "max": 0.801560475424584
  },
  "mean_ofi_pre": 0.12107695172124654,
  "mean_ofi_drop": -5.508428254589169,
  "mean_wealth_by_phase": {
    "drop": 556457.6115977778,
    "post": 836720.3871395664,
    "pre": 175323.91340330732,
    "recovery": 995417.7390501518
  },
  "pct_insolvent_peak": 0.2,
  "wealth_concentration_drop": 0.8989856085883844,
  "columns": [
    "run_id",
    "event_id",
    "tick_ms",
    "phase",
    "close",
    "mid_price",
    "ofi",
    "spread_bps",
    "depth_imbalance",
    "trade_intensity",
    "realized_vol_50",
    "leverage_proxy",
    "kyle_lambda",
    "vpin",
    "flash_crash_flag",
    "mean_wealth_t",
    "pct_insolvent",
    "wealth_concentration"
  ]
}