{
  "scenario": "llm",
  "calibration_phase": "pre",
  "n_runs": 5,
  "n_rows": 58750,
  "tick_ms": 100,
  "crash_window_ticks": 10,
  "crash_threshold_pct": 1.93,
  "min_price_fraction": 0.6,
  "flash_crash_rate": 0.0,
  "run_max_drawdown_pct": {
    "mean": 0.3413225595205002,
    "p50": 0.3282295570610715,
    "p90": 0.5509466868360509,
    "p95": 0.5934064918445865,
    "p99": 0.6273743358514151,
    "max": 0.6358662968531222
  },
  "mean_ofi_pre": 0.09965019511420602,
  "mean_ofi_drop": -4.440289433351669,
  "mean_wealth_by_phase": {
    "drop": 479199.75874441373,
    "post": 585989.9579625828,
    "pre": 175224.82075317422,
    "recovery": 873547.6798034719
  },
  "pct_insolvent_peak": 0.2,
  "wealth_concentration_drop": 0.9151771888765928,
  "columns": [
    "run_id",
    "event_id",
    "tick_ms",
    "phase",
    "close",
    "mid_price",
    "ofi",
    "spread_bps",
    "depth_imbalance",
    "trade_intensity",
    "realized_vol_50",
    "leverage_proxy",
    "kyle_lambda",
    "vpin",
    "flash_crash_flag",
    "mean_wealth_t",
    "pct_insolvent",
    "wealth_concentration"
  ]
}