{
  "scenario": "llm",
  "calibration_phase": "pre",
  "n_runs": 5,
  "n_rows": 56550,
  "tick_ms": 100,
  "crash_window_ticks": 10,
  "crash_threshold_pct": 1.93,
  "min_price_fraction": 0.6,
  "flash_crash_rate": 0.0,
  "run_max_drawdown_pct": {
    "mean": 0.23605475646386154,
    "p50": 0.20943224631813318,
    "p90": 0.31204245637405364,
    "p95": 0.3170994111097893,
    "p99": 0.3211449748983778,
    "max": 0.32215636584552493
  },
  "mean_ofi_pre": 0.07127329363703619,
  "mean_ofi_drop": -3.3973008744959348,
  "mean_wealth_by_phase": {
    "drop": 369373.75447578845,
    "post": 434077.4152886389,
    "pre": 175092.16233251104,
    "recovery": 612560.0100765929
  },
  "pct_insolvent_peak": 0.19,
  "wealth_concentration_drop": 0.8787474354665233,
  "columns": [
    "run_id",
    "event_id",
    "tick_ms",
    "phase",
    "close",
    "mid_price",
    "ofi",
    "spread_bps",
    "depth_imbalance",
    "trade_intensity",
    "realized_vol_50",
    "leverage_proxy",
    "kyle_lambda",
    "vpin",
    "flash_crash_flag",
    "mean_wealth_t",
    "pct_insolvent",
    "wealth_concentration"
  ]
}