{
  "scenario": "llm",
  "calibration_phase": "pre",
  "n_runs": 5,
  "n_rows": 56550,
  "tick_ms": 100,
  "crash_window_ticks": 10,
  "crash_threshold_pct": 1.93,
  "min_price_fraction": 0.6,
  "flash_crash_rate": 0.0,
  "run_max_drawdown_pct": {
    "mean": 0.32248248236115284,
    "p50": 0.25301260335842485,
    "p90": 0.4653379097649517,
    "p95": 0.5112028589952246,
    "p99": 0.5478948183794429,
    "max": 0.5570678082254975
  },
  "mean_ofi_pre": 0.08771773155273636,
  "mean_ofi_drop": -4.4752778686906085,
  "mean_wealth_by_phase": {
    "drop": 516176.52572586364,
    "post": 703837.7047117775,
    "pre": 175156.01321359363,
    "recovery": 997176.4469303652
  },
  "pct_insolvent_peak": 0.2,
  "wealth_concentration_drop": 0.9161017334510189,
  "columns": [
    "run_id",
    "event_id",
    "tick_ms",
    "phase",
    "close",
    "mid_price",
    "ofi",
    "spread_bps",
    "depth_imbalance",
    "trade_intensity",
    "realized_vol_50",
    "leverage_proxy",
    "kyle_lambda",
    "vpin",
    "flash_crash_flag",
    "mean_wealth_t",
    "pct_insolvent",
    "wealth_concentration"
  ]
}