{
  "scenario": "llm",
  "calibration_phase": "pre",
  "n_runs": 5,
  "n_rows": 58750,
  "tick_ms": 100,
  "crash_window_ticks": 10,
  "crash_threshold_pct": 1.93,
  "min_price_fraction": 0.6,
  "flash_crash_rate": 0.0,
  "run_max_drawdown_pct": {
    "mean": 0.24614594242550916,
    "p50": 0.16137927803688332,
    "p90": 0.4653319422239133,
    "p95": 0.5562231307487264,
    "p99": 0.6289360815685772,
    "max": 0.6471143192735399
  },
  "mean_ofi_pre": 0.07827990176936483,
  "mean_ofi_drop": -3.302510267291523,
  "mean_wealth_by_phase": {
    "drop": 351975.2345197583,
    "post": 399782.5278659621,
    "pre": 175217.58202348457,
    "recovery": 544261.2694981387
  },
  "pct_insolvent_peak": 0.18,
  "wealth_concentration_drop": 0.9005272291463858,
  "columns": [
    "run_id",
    "event_id",
    "tick_ms",
    "phase",
    "close",
    "mid_price",
    "ofi",
    "spread_bps",
    "depth_imbalance",
    "trade_intensity",
    "realized_vol_50",
    "leverage_proxy",
    "kyle_lambda",
    "vpin",
    "flash_crash_flag",
    "mean_wealth_t",
    "pct_insolvent",
    "wealth_concentration"
  ]
}