{
  "scenario": "llm",
  "calibration_phase": "pre",
  "n_runs": 5,
  "n_rows": 58750,
  "tick_ms": 100,
  "crash_window_ticks": 10,
  "crash_threshold_pct": 1.93,
  "min_price_fraction": 0.6,
  "flash_crash_rate": 0.0,
  "run_max_drawdown_pct": {
    "mean": 0.8733601421835111,
    "p50": 0.7342187388636716,
    "p90": 1.503439321514605,
    "p95": 1.6707073893215592,
    "p99": 1.8045218435671229,
    "max": 1.8379754571285138
  },
  "mean_ofi_pre": 0.29968638256670566,
  "mean_ofi_drop": -4.2976209108920305,
  "mean_wealth_by_phase": {
    "drop": 375912.6443755226,
    "post": 504776.9642270089,
    "pre": 176189.46297436146,
    "recovery": 589826.9053567584
  },
  "pct_insolvent_peak": 0.19,
  "wealth_concentration_drop": 0.9549320577865307,
  "columns": [
    "run_id",
    "event_id",
    "tick_ms",
    "phase",
    "close",
    "mid_price",
    "ofi",
    "spread_bps",
    "depth_imbalance",
    "trade_intensity",
    "realized_vol_50",
    "leverage_proxy",
    "kyle_lambda",
    "vpin",
    "flash_crash_flag",
    "mean_wealth_t",
    "pct_insolvent",
    "wealth_concentration"
  ]
}