{
  "scenario": "llm",
  "calibration_phase": "pre",
  "n_runs": 5,
  "n_rows": 58750,
  "tick_ms": 100,
  "crash_window_ticks": 10,
  "crash_threshold_pct": 1.93,
  "min_price_fraction": 0.6,
  "flash_crash_rate": 0.0,
  "run_max_drawdown_pct": {
    "mean": 0.3378814195771961,
    "p50": 0.22705989175494384,
    "p90": 0.5726468335575325,
    "p95": 0.6419540949728346,
    "p99": 0.6973999041050764,
    "max": 0.7112613563881368
  },
  "mean_ofi_pre": 0.1126417790212406,
  "mean_ofi_drop": -4.4738160304014905,
  "mean_wealth_by_phase": {
    "drop": 442350.23444513464,
    "post": 513302.4480673506,
    "pre": 175283.11530520758,
    "recovery": 754846.3966559259
  },
  "pct_insolvent_peak": 0.2,
  "wealth_concentration_drop": 0.8920751594453808,
  "columns": [
    "run_id",
    "event_id",
    "tick_ms",
    "phase",
    "close",
    "mid_price",
    "ofi",
    "spread_bps",
    "depth_imbalance",
    "trade_intensity",
    "realized_vol_50",
    "leverage_proxy",
    "kyle_lambda",
    "vpin",
    "flash_crash_flag",
    "mean_wealth_t",
    "pct_insolvent",
    "wealth_concentration"
  ]
}