{
  "scenario": "llm",
  "calibration_phase": "pre",
  "n_runs": 5,
  "n_rows": 58750,
  "tick_ms": 100,
  "crash_window_ticks": 10,
  "crash_threshold_pct": 1.93,
  "min_price_fraction": 0.6,
  "flash_crash_rate": 0.0,
  "run_max_drawdown_pct": {
    "mean": 0.5978711464066034,
    "p50": 0.3827676329227783,
    "p90": 1.0246742632533212,
    "p95": 1.0363218851559828,
    "p99": 1.0456399826781122,
    "max": 1.0479695070586446
  },
  "mean_ofi_pre": 0.16850254509723547,
  "mean_ofi_drop": -5.439835754836477,
  "mean_wealth_by_phase": {
    "drop": 612722.9530396934,
    "post": 750939.1464004412,
    "pre": 175481.95980874886,
    "recovery": 1037270.1191333999
  },
  "pct_insolvent_peak": 0.2,
  "wealth_concentration_drop": 0.9490352224031744,
  "columns": [
    "run_id",
    "event_id",
    "tick_ms",
    "phase",
    "close",
    "mid_price",
    "ofi",
    "spread_bps",
    "depth_imbalance",
    "trade_intensity",
    "realized_vol_50",
    "leverage_proxy",
    "kyle_lambda",
    "vpin",
    "flash_crash_flag",
    "mean_wealth_t",
    "pct_insolvent",
    "wealth_concentration"
  ]
}