{
  "scenario": "llm",
  "calibration_phase": "pre",
  "n_runs": 5,
  "n_rows": 58750,
  "tick_ms": 100,
  "crash_window_ticks": 10,
  "crash_threshold_pct": 1.93,
  "min_price_fraction": 0.6,
  "flash_crash_rate": 0.0,
  "run_max_drawdown_pct": {
    "mean": 0.6937145071602807,
    "p50": 0.824332087876929,
    "p90": 1.1389556409328092,
    "p95": 1.1728091673887047,
    "p99": 1.199891988553421,
    "max": 1.2066626938446001
  },
  "mean_ofi_pre": 0.1884125468257723,
  "mean_ofi_drop": -5.251471127505972,
  "mean_wealth_by_phase": {
    "drop": 556468.0787726915,
    "post": 839396.8370487168,
    "pre": 175585.13299907197,
    "recovery": 1042825.975451902
  },
  "pct_insolvent_peak": 0.2,
  "wealth_concentration_drop": 0.9572996648723257,
  "columns": [
    "run_id",
    "event_id",
    "tick_ms",
    "phase",
    "close",
    "mid_price",
    "ofi",
    "spread_bps",
    "depth_imbalance",
    "trade_intensity",
    "realized_vol_50",
    "leverage_proxy",
    "kyle_lambda",
    "vpin",
    "flash_crash_flag",
    "mean_wealth_t",
    "pct_insolvent",
    "wealth_concentration"
  ]
}