{
  "scenario": "llm",
  "calibration_phase": "pre",
  "n_runs": 5,
  "n_rows": 58750,
  "tick_ms": 100,
  "crash_window_ticks": 10,
  "crash_threshold_pct": 1.93,
  "min_price_fraction": 0.6,
  "flash_crash_rate": 0.2,
  "run_max_drawdown_pct": {
    "mean": 0.9481734512068906,
    "p50": 0.5180073104753925,
    "p90": 1.9425503627991998,
    "p95": 2.252365844126651,
    "p99": 2.5002182291886124,
    "max": 2.5621813254541026
  },
  "mean_ofi_pre": 0.249954749462373,
  "mean_ofi_drop": -5.26425122095933,
  "mean_wealth_by_phase": {
    "drop": 552547.0488266598,
    "post": 628896.2838558129,
    "pre": 176049.17864032544,
    "recovery": 876975.3851132973
  },
  "pct_insolvent_peak": 0.2,
  "wealth_concentration_drop": 0.9749986968686313,
  "columns": [
    "run_id",
    "event_id",
    "tick_ms",
    "phase",
    "close",
    "mid_price",
    "ofi",
    "spread_bps",
    "depth_imbalance",
    "trade_intensity",
    "realized_vol_50",
    "leverage_proxy",
    "kyle_lambda",
    "vpin",
    "flash_crash_flag",
    "mean_wealth_t",
    "pct_insolvent",
    "wealth_concentration"
  ]
}