{
  "scenario": "llm",
  "calibration_phase": "pre",
  "n_runs": 5,
  "n_rows": 58750,
  "tick_ms": 100,
  "crash_window_ticks": 10,
  "crash_threshold_pct": 1.93,
  "min_price_fraction": 0.6,
  "flash_crash_rate": 0.0,
  "run_max_drawdown_pct": {
    "mean": 0.6118456422448705,
    "p50": 0.4499592800390695,
    "p90": 1.0063807263743605,
    "p95": 1.0097423225956028,
    "p99": 1.0124315995725968,
    "max": 1.0131039188168454
  },
  "mean_ofi_pre": 0.18675922422043817,
  "mean_ofi_drop": -5.469841797254811,
  "mean_wealth_by_phase": {
    "drop": 606437.4604817985,
    "post": 723484.5175581942,
    "pre": 175527.02704754347,
    "recovery": 995428.8033974706
  },
  "pct_insolvent_peak": 0.2,
  "wealth_concentration_drop": 0.9383606453831159,
  "columns": [
    "run_id",
    "event_id",
    "tick_ms",
    "phase",
    "close",
    "mid_price",
    "ofi",
    "spread_bps",
    "depth_imbalance",
    "trade_intensity",
    "realized_vol_50",
    "leverage_proxy",
    "kyle_lambda",
    "vpin",
    "flash_crash_flag",
    "mean_wealth_t",
    "pct_insolvent",
    "wealth_concentration"
  ]
}