{
  "scenario": "llm",
  "calibration_phase": "pre",
  "n_runs": 5,
  "n_rows": 58750,
  "tick_ms": 100,
  "crash_window_ticks": 10,
  "crash_threshold_pct": 1.93,
  "min_price_fraction": 0.6,
  "flash_crash_rate": 0.0,
  "run_max_drawdown_pct": {
    "mean": 0.517158752708448,
    "p50": 0.438615186415983,
    "p90": 0.8837071308635608,
    "p95": 0.9845939942428462,
    "p99": 1.0653034849462746,
    "max": 1.0854808576221318
  },
  "mean_ofi_pre": 0.13195667077747256,
  "mean_ofi_drop": -5.453034474391914,
  "mean_wealth_by_phase": {
    "drop": 662588.3899280928,
    "post": 901597.8437751278,
    "pre": 175433.33669857433,
    "recovery": 1231279.5581593101
  },
  "pct_insolvent_peak": 0.2,
  "wealth_concentration_drop": 0.9414201231809773,
  "columns": [
    "run_id",
    "event_id",
    "tick_ms",
    "phase",
    "close",
    "mid_price",
    "ofi",
    "spread_bps",
    "depth_imbalance",
    "trade_intensity",
    "realized_vol_50",
    "leverage_proxy",
    "kyle_lambda",
    "vpin",
    "flash_crash_flag",
    "mean_wealth_t",
    "pct_insolvent",
    "wealth_concentration"
  ]
}