{
  "scenario": "llm",
  "calibration_phase": "pre",
  "n_runs": 5,
  "n_rows": 58750,
  "tick_ms": 100,
  "crash_window_ticks": 10,
  "crash_threshold_pct": 1.93,
  "min_price_fraction": 0.6,
  "flash_crash_rate": 0.0,
  "run_max_drawdown_pct": {
    "mean": 0.7386234547606144,
    "p50": 1.036688783545789,
    "p90": 1.1466969090429848,
    "p95": 1.1796046556679536,
    "p99": 1.2059308529679287,
    "max": 1.2125124022929223
  },
  "mean_ofi_pre": 0.18855938312009987,
  "mean_ofi_drop": -5.236338823138184,
  "mean_wealth_by_phase": {
    "drop": 546069.6282249751,
    "post": 820501.2922534972,
    "pre": 175655.42155796484,
    "recovery": 1041769.3226274812
  },
  "pct_insolvent_peak": 0.2,
  "wealth_concentration_drop": 0.9561036708910798,
  "columns": [
    "run_id",
    "event_id",
    "tick_ms",
    "phase",
    "close",
    "mid_price",
    "ofi",
    "spread_bps",
    "depth_imbalance",
    "trade_intensity",
    "realized_vol_50",
    "leverage_proxy",
    "kyle_lambda",
    "vpin",
    "flash_crash_flag",
    "mean_wealth_t",
    "pct_insolvent",
    "wealth_concentration"
  ]
}