{
  "scenario": "llm",
  "calibration_phase": "pre",
  "n_runs": 5,
  "n_rows": 58750,
  "tick_ms": 100,
  "crash_window_ticks": 10,
  "crash_threshold_pct": 1.93,
  "min_price_fraction": 0.6,
  "flash_crash_rate": 0.2,
  "run_max_drawdown_pct": {
    "mean": 1.046433185716633,
    "p50": 0.7642611037894378,
    "p90": 1.7401891026927456,
    "p95": 1.9510181105728401,
    "p99": 2.1196813168769157,
    "max": 2.161847118452935
  },
  "mean_ofi_pre": 0.3097750502682789,
  "mean_ofi_drop": -5.1252253362649824,
  "mean_wealth_by_phase": {
    "drop": 414005.8759350139,
    "post": 508102.6243288414,
    "pre": 176145.02982911147,
    "recovery": 543865.9520525235
  },
  "pct_insolvent_peak": 0.18,
  "wealth_concentration_drop": 0.9859593666557572,
  "columns": [
    "run_id",
    "event_id",
    "tick_ms",
    "phase",
    "close",
    "mid_price",
    "ofi",
    "spread_bps",
    "depth_imbalance",
    "trade_intensity",
    "realized_vol_50",
    "leverage_proxy",
    "kyle_lambda",
    "vpin",
    "flash_crash_flag",
    "mean_wealth_t",
    "pct_insolvent",
    "wealth_concentration"
  ]
}