{
  "scenario": "llm",
  "calibration_phase": "pre",
  "n_runs": 5,
  "n_rows": 57350,
  "tick_ms": 100,
  "crash_window_ticks": 10,
  "crash_threshold_pct": 1.93,
  "min_price_fraction": 0.6,
  "flash_crash_rate": 0.0,
  "run_max_drawdown_pct": {
    "mean": 0.4450652929249406,
    "p50": 0.31576684279391953,
    "p90": 0.7312281425509966,
    "p95": 0.7611235588329236,
    "p99": 0.7850398918584652,
    "max": 0.7910189751148506
  },
  "mean_ofi_pre": 0.10387468512145188,
  "mean_ofi_drop": -5.393497736124226,
  "mean_wealth_by_phase": {
    "drop": 623590.778507788,
    "post": 911594.5909337935,
    "pre": 175252.76836524866,
    "recovery": 1178278.48488393
  },
  "pct_insolvent_peak": 0.2,
  "wealth_concentration_drop": 0.9497331087628285,
  "columns": [
    "run_id",
    "event_id",
    "tick_ms",
    "phase",
    "close",
    "mid_price",
    "ofi",
    "spread_bps",
    "depth_imbalance",
    "trade_intensity",
    "realized_vol_50",
    "leverage_proxy",
    "kyle_lambda",
    "vpin",
    "flash_crash_flag",
    "mean_wealth_t",
    "pct_insolvent",
    "wealth_concentration"
  ]
}