{
  "scenario": "llm",
  "calibration_phase": "pre",
  "n_runs": 5,
  "n_rows": 58750,
  "tick_ms": 100,
  "crash_window_ticks": 10,
  "crash_threshold_pct": 1.93,
  "min_price_fraction": 0.6,
  "flash_crash_rate": 0.2,
  "run_max_drawdown_pct": {
    "mean": 0.654577988895339,
    "p50": 0.3482408375524837,
    "p90": 1.367163989654827,
    "p95": 1.6512056685251069,
    "p99": 1.8784390116213314,
    "max": 1.9352473473953875
  },
  "mean_ofi_pre": 0.15937793713409623,
  "mean_ofi_drop": -5.2790547220732815,
  "mean_wealth_by_phase": {
    "drop": 596455.6940933396,
    "post": 817214.0264061585,
    "pre": 175655.4740979047,
    "recovery": 1162823.4594526088
  },
  "pct_insolvent_peak": 0.2,
  "wealth_concentration_drop": 0.970625458956199,
  "columns": [
    "run_id",
    "event_id",
    "tick_ms",
    "phase",
    "close",
    "mid_price",
    "ofi",
    "spread_bps",
    "depth_imbalance",
    "trade_intensity",
    "realized_vol_50",
    "leverage_proxy",
    "kyle_lambda",
    "vpin",
    "flash_crash_flag",
    "mean_wealth_t",
    "pct_insolvent",
    "wealth_concentration"
  ]
}