{
  "scenario": "llm",
  "calibration_phase": "pre",
  "n_runs": 5,
  "n_rows": 57350,
  "tick_ms": 100,
  "crash_window_ticks": 10,
  "crash_threshold_pct": 1.93,
  "min_price_fraction": 0.6,
  "flash_crash_rate": 0.0,
  "run_max_drawdown_pct": {
    "mean": 0.49048967930008536,
    "p50": 0.4999616159314577,
    "p90": 0.8111959473024837,
    "p95": 0.9059416575098499,
    "p99": 0.9817382256757431,
    "max": 1.0006873677172163
  },
  "mean_ofi_pre": 0.1279825410400503,
  "mean_ofi_drop": -5.417359364757888,
  "mean_wealth_by_phase": {
    "drop": 602360.4675448958,
    "post": 822920.3883204465,
    "pre": 175354.13594777772,
    "recovery": 1048283.2554539709
  },
  "pct_insolvent_peak": 0.2,
  "wealth_concentration_drop": 0.9419837771066958,
  "columns": [
    "run_id",
    "event_id",
    "tick_ms",
    "phase",
    "close",
    "mid_price",
    "ofi",
    "spread_bps",
    "depth_imbalance",
    "trade_intensity",
    "realized_vol_50",
    "leverage_proxy",
    "kyle_lambda",
    "vpin",
    "flash_crash_flag",
    "mean_wealth_t",
    "pct_insolvent",
    "wealth_concentration"
  ]
}