{
  "scenario": "llm",
  "calibration_phase": "pre",
  "n_runs": 5,
  "n_rows": 58750,
  "tick_ms": 100,
  "crash_window_ticks": 10,
  "crash_threshold_pct": 1.93,
  "min_price_fraction": 0.6,
  "flash_crash_rate": 0.0,
  "run_max_drawdown_pct": {
    "mean": 0.2794860648788631,
    "p50": 0.22375642111945446,
    "p90": 0.44427191690536255,
    "p95": 0.47784236041347455,
    "p99": 0.5046987152199642,
    "max": 0.5114128039215866
  },
  "mean_ofi_pre": 0.030868582798225925,
  "mean_ofi_drop": -5.39794883801321,
  "mean_wealth_by_phase": {
    "drop": 697136.1293200885,
    "post": 948720.2998989811,
    "pre": 175066.04832662334,
    "recovery": 1419191.46629325
  },
  "pct_insolvent_peak": 0.2,
  "wealth_concentration_drop": 0.9406786299829442,
  "columns": [
    "run_id",
    "event_id",
    "tick_ms",
    "phase",
    "close",
    "mid_price",
    "ofi",
    "spread_bps",
    "depth_imbalance",
    "trade_intensity",
    "realized_vol_50",
    "leverage_proxy",
    "kyle_lambda",
    "vpin",
    "flash_crash_flag",
    "mean_wealth_t",
    "pct_insolvent",
    "wealth_concentration"
  ]
}